-- phpMyAdmin SQL Dump
-- version 4.7.4
-- https://www.phpmyadmin.net/
--
-- Host: 127.0.0.1
-- Generation Time: Jun 18, 2019 at 02:54 PM
-- Server version: 10.1.29-MariaDB
-- PHP Version: 7.2.0

SET SQL_MODE = "NO_AUTO_VALUE_ON_ZERO";
SET AUTOCOMMIT = 0;
START TRANSACTION;
SET time_zone = "+00:00";


/*!40101 SET @OLD_CHARACTER_SET_CLIENT=@@CHARACTER_SET_CLIENT */;
/*!40101 SET @OLD_CHARACTER_SET_RESULTS=@@CHARACTER_SET_RESULTS */;
/*!40101 SET @OLD_COLLATION_CONNECTION=@@COLLATION_CONNECTION */;
/*!40101 SET NAMES utf8mb4 */;

--
-- Database: `school_db`
--

-- --------------------------------------------------------

--
-- Table structure for table `account_nature`
--

CREATE TABLE `account_nature` (
  `account_nature_id` int(11) NOT NULL,
  `account_nature_name` varchar(64) NOT NULL,
  `account_nature_status` enum('+ve','-ve') NOT NULL,
  `created_at` datetime NOT NULL,
  `updated_at` datetime NOT NULL,
  `created_by` int(11) NOT NULL,
  `updated_by` int(11) NOT NULL
) ENGINE=InnoDB DEFAULT CHARSET=utf8;

--
-- Dumping data for table `account_nature`
--

INSERT INTO `account_nature` (`account_nature_id`, `account_nature_name`, `account_nature_status`, `created_at`, `updated_at`, `created_by`, `updated_by`) VALUES
(1, 'CURRENT ASSETS', '+ve', '2019-06-11 13:06:59', '2019-06-14 10:15:05', 1, 1),
(2, 'ACCOUNT RECEIVABLE', '+ve', '2019-06-11 13:08:12', '2019-06-14 10:15:43', 1, 1),
(3, 'STOCK', '+ve', '2019-06-11 13:09:55', '2019-06-14 10:16:01', 1, 1),
(4, 'NON-CURRENT ASSETS', '+ve', '2019-06-11 13:10:20', '2019-06-14 10:16:27', 1, 1),
(5, 'FIXED ASSETS', '+ve', '2019-06-11 13:11:27', '2019-06-14 10:16:38', 1, 1),
(6, 'OTHER ASSETS', '+ve', '2019-06-13 12:42:14', '2019-06-14 10:14:44', 1, 1),
(7, 'SALARIES & OTHER BEFITS', '-ve', '2019-06-14 10:42:44', '0000-00-00 00:00:00', 1, 0),
(8, 'TRANSPORTATION', '-ve', '2019-06-14 10:43:21', '0000-00-00 00:00:00', 1, 0),
(9, 'RENT, RATE & TAXES', '-ve', '2019-06-14 10:43:44', '0000-00-00 00:00:00', 1, 0),
(10, 'UTILITY EXPENSES', '-ve', '2019-06-14 10:44:04', '0000-00-00 00:00:00', 1, 0),
(11, 'AFFILIATION / REGISTRATION EXPENSE', '-ve', '2019-06-14 10:44:26', '0000-00-00 00:00:00', 1, 0),
(12, 'ADVERTISEMENT & MARKETING EXPENSE', '-ve', '2019-06-14 10:45:22', '0000-00-00 00:00:00', 1, 0),
(13, 'PRINTING & STATIONARY', '-ve', '2019-06-14 10:45:41', '0000-00-00 00:00:00', 1, 0),
(14, 'STUDENT EXTRA CURRICULAR ACTICITIES', '-ve', '2019-06-14 10:46:10', '0000-00-00 00:00:00', 1, 0),
(15, 'REPAIR & MAINTENANCE', '-ve', '2019-06-14 10:46:36', '0000-00-00 00:00:00', 1, 0),
(16, 'TRAVELLING & CONVEYANCE', '-ve', '2019-06-14 10:46:55', '0000-00-00 00:00:00', 1, 0),
(17, 'ENTERTAINMENT EXPENSE ', '-ve', '2019-06-14 10:47:23', '0000-00-00 00:00:00', 1, 0),
(18, 'LEGAL & PROFESSIONAL EXPENSE', '-ve', '2019-06-14 10:47:47', '0000-00-00 00:00:00', 1, 0),
(19, 'LAB CONSUMABLES', '-ve', '2019-06-14 10:48:05', '0000-00-00 00:00:00', 1, 0),
(20, 'RESEARCH & DEVELOPMENT', '-ve', '2019-06-14 10:48:22', '0000-00-00 00:00:00', 1, 0),
(21, 'GENERAL ADMINISTRATIVE EXPENSE', '-ve', '2019-06-15 09:33:31', '0000-00-00 00:00:00', 1, 0),
(22, 'GENERAL EXPENSES', '-ve', '2019-06-15 09:33:53', '0000-00-00 00:00:00', 1, 0),
(23, 'WELFARE EXPENSES', '-ve', '2019-06-15 09:34:23', '0000-00-00 00:00:00', 1, 0),
(24, 'FINANCIAL CHARGES', '-ve', '2019-06-15 09:35:21', '0000-00-00 00:00:00', 1, 0),
(25, 'REWARDS & SCHOLARSHIP', '-ve', '2019-06-15 09:35:50', '0000-00-00 00:00:00', 1, 0),
(26, 'REVENUE', '+ve', '2019-06-15 09:36:11', '0000-00-00 00:00:00', 1, 0),
(27, 'ADVANCES & PAYMENTS', '-ve', '2019-06-15 09:36:47', '0000-00-00 00:00:00', 1, 0),
(28, 'CAPITAL', '+ve', '2019-06-15 09:37:08', '0000-00-00 00:00:00', 1, 0);

-- --------------------------------------------------------

--
-- Table structure for table `account_register`
--

CREATE TABLE `account_register` (
  `account_register_id` int(11) NOT NULL,
  `account_nature_id` int(11) NOT NULL,
  `account_name` varchar(64) NOT NULL,
  `account_description` text NOT NULL,
  `created_at` datetime NOT NULL,
  `updated_at` datetime NOT NULL,
  `created_by` int(11) NOT NULL,
  `updated_by` int(11) NOT NULL
) ENGINE=InnoDB DEFAULT CHARSET=utf8;

--
-- Dumping data for table `account_register`
--

INSERT INTO `account_register` (`account_register_id`, `account_nature_id`, `account_name`, `account_description`, `created_at`, `updated_at`, `created_by`, `updated_by`) VALUES
(1, 1, 'BANK ACCOUNT', 'Bank account description', '2019-06-15 09:38:22', '0000-00-00 00:00:00', 1, 0),
(2, 1, 'PETTY CASH', 'Petty cash description', '2019-06-15 09:38:51', '0000-00-00 00:00:00', 1, 0),
(3, 1, 'CASH COUNTER', 'Cash Counter Description', '2019-06-15 09:39:20', '0000-00-00 00:00:00', 1, 0),
(4, 1, 'PRINICIPAL A/C', 'Principal Account Description', '2019-06-15 09:39:59', '0000-00-00 00:00:00', 1, 0),
(5, 4, 'SECURITY DEPOSIT', 'Security Deposit Description', '2019-06-15 09:40:35', '0000-00-00 00:00:00', 1, 0),
(6, 4, 'INVESTEMENT', 'Investment Description', '2019-06-15 09:41:14', '0000-00-00 00:00:00', 1, 0),
(7, 4, 'PREPAID EXPENSE', 'Prepaid Expense', '2019-06-15 09:41:43', '0000-00-00 00:00:00', 1, 0),
(8, 5, 'LAND ', 'Land Description', '2019-06-15 09:42:24', '0000-00-00 00:00:00', 1, 0),
(9, 5, 'BUILDING ', 'Building Description', '2019-06-15 09:43:02', '0000-00-00 00:00:00', 1, 0),
(10, 5, 'FURNITURE & FIXTURE ', 'Furniture & Fixture Description ', '2019-06-15 10:30:54', '2019-06-15 10:31:12', 1, 1),
(11, 5, 'OFFFICE EQUIPMENTS', 'Office Equipments Description\r\n', '2019-06-15 10:34:16', '2019-06-15 10:35:20', 1, 1),
(12, 5, 'EDUCATIONAL EQUIPMENTS', 'Educational Equipments Description', '2019-06-15 10:35:07', '0000-00-00 00:00:00', 1, 0),
(13, 5, 'PHYSICS LABORATORIES EQUIPMENTS', 'Physics Laboratories Equipments Description', '2019-06-15 11:36:12', '0000-00-00 00:00:00', 1, 0),
(14, 5, 'CHEMISTRY LABORATORIES EQUIPMENTS', 'Chemistry Laboatories Equipments Description', '2019-06-15 11:38:09', '0000-00-00 00:00:00', 1, 0),
(15, 5, 'BIO LABORATORIES EQUIPMENTS', 'Bio Laboratories Equipments Description', '2019-06-15 11:39:32', '0000-00-00 00:00:00', 1, 0),
(16, 5, 'COMPUTER LAB EQUIPMENTS', 'Computer Lab Equipments Description', '2019-06-15 11:40:27', '0000-00-00 00:00:00', 1, 0),
(17, 5, 'STAFF VECHILES', 'Staff Vechiles Description', '2019-06-15 11:41:21', '0000-00-00 00:00:00', 1, 0),
(18, 5, 'ELECTRIC GENERATOR', 'Electric Generator Description', '2019-06-15 11:41:57', '0000-00-00 00:00:00', 1, 0),
(19, 5, 'ELECTRIC INSTALLATION ', 'Electric Installation Description ', '2019-06-15 11:42:42', '0000-00-00 00:00:00', 1, 0),
(20, 5, 'LIBRARY BOOKS', 'Library Books Description\r\n', '2019-06-15 11:43:45', '0000-00-00 00:00:00', 1, 0),
(21, 5, 'SPORTS EQUIPMENTS', 'Sports Equipments Description', '2019-06-15 11:44:21', '0000-00-00 00:00:00', 1, 0),
(22, 5, 'MUSICAL EQUIPMENTS', 'Musical Equipments Description\r\n', '2019-06-15 11:45:07', '0000-00-00 00:00:00', 1, 0),
(23, 5, 'GROUND EQUIPMENTS', 'Ground Equipments Description', '2019-06-15 11:45:39', '0000-00-00 00:00:00', 1, 0),
(24, 5, 'COMPUTER', 'Computer Description\r\n', '2019-06-15 11:46:03', '0000-00-00 00:00:00', 1, 0),
(25, 5, 'AIR CONDITIONRS', 'Air Conditionrs Description', '2019-06-15 11:46:48', '0000-00-00 00:00:00', 1, 0),
(26, 5, 'KITCHEN ACCESSORIES', 'Kitchen Accessories Description', '2019-06-15 11:47:36', '0000-00-00 00:00:00', 1, 0),
(27, 5, 'WORK IN PROGRESS', 'Work In Progress Description', '2019-06-15 11:48:14', '0000-00-00 00:00:00', 1, 0),
(28, 7, 'SALARIES - PERMANENT STAFF', 'Salaries - Permanent Staff Description', '2019-06-15 11:49:43', '0000-00-00 00:00:00', 1, 0),
(29, 7, 'EXTRA LECTURE ANNUAL', 'Extra Lectures Annual Description', '2019-06-15 11:50:25', '0000-00-00 00:00:00', 1, 0),
(30, 7, 'SALARIES AND WAGES  - CLEANIN STAFF', 'Salaries And Wages - Cleanin Staff Description', '2019-06-15 11:51:47', '0000-00-00 00:00:00', 1, 0),
(31, 7, 'PROVIDENT FUND', 'Provident Fund Description', '2019-06-15 11:52:28', '0000-00-00 00:00:00', 1, 0),
(32, 7, 'OVERTIMES', 'Overtimes Description', '2019-06-15 11:52:56', '0000-00-00 00:00:00', 1, 0),
(33, 7, 'BONUS', 'Bonus Description', '2019-06-15 11:53:22', '0000-00-00 00:00:00', 1, 0),
(34, 7, 'EOBI CONTRIBUTION ', 'Eobi Contribution Description', '2019-06-15 11:54:02', '0000-00-00 00:00:00', 1, 0),
(35, 8, 'VECHILE RENT & SUBSI', 'Vechile Rent & Subsi Description', '2019-06-15 11:54:55', '0000-00-00 00:00:00', 1, 0),
(36, 8, 'TRANSPORTATION VECHILE FUEL EXPENSES', 'Transportation Vechile Fuel Expenses Description', '0000-00-00 00:00:00', '0000-00-00 00:00:00', 0, 0);

-- --------------------------------------------------------

--
-- Table structure for table `account_transactions`
--

CREATE TABLE `account_transactions` (
  `trans_id` int(11) NOT NULL,
  `branch_id` int(11) NOT NULL,
  `account_nature` varchar(11) NOT NULL,
  `account_register_id` int(11) NOT NULL,
  `date` datetime NOT NULL,
  `description` varchar(200) NOT NULL,
  `total_amount` double NOT NULL,
  `created_at` datetime NOT NULL,
  `updated_at` datetime NOT NULL,
  `created_by` int(11) NOT NULL,
  `updated_by` int(11) NOT NULL
) ENGINE=InnoDB DEFAULT CHARSET=latin1;

-- --------------------------------------------------------

--
-- Table structure for table `auth_assignment`
--

CREATE TABLE `auth_assignment` (
  `item_name` varchar(64) NOT NULL,
  `user_id` varchar(64) NOT NULL,
  `created_at` int(11) DEFAULT NULL
) ENGINE=InnoDB DEFAULT CHARSET=utf8;

--
-- Dumping data for table `auth_assignment`
--

INSERT INTO `auth_assignment` (`item_name`, `user_id`, `created_at`) VALUES
('Accountant', '6', NULL),
('dexdevs', '1', NULL),
('dexdevs2', '4', NULL),
('Inquiry Head', '48', NULL),
('Principal', '7', NULL),
('Superadmin', '3', NULL),
('Vice Principal', '5', NULL);

-- --------------------------------------------------------

--
-- Table structure for table `auth_item`
--

CREATE TABLE `auth_item` (
  `name` varchar(64) NOT NULL,
  `type` int(11) NOT NULL,
  `description` text,
  `rule_name` varchar(64) DEFAULT NULL,
  `data` text,
  `created_at` int(11) DEFAULT NULL,
  `updated_at` int(11) DEFAULT NULL
) ENGINE=InnoDB DEFAULT CHARSET=utf8;

--
-- Dumping data for table `auth_item`
--

INSERT INTO `auth_item` (`name`, `type`, `description`, `rule_name`, `data`, `created_at`, `updated_at`) VALUES
('Accountant', 1, 'can login', NULL, NULL, NULL, NULL),
('add-institute', 1, 'create institute Name', NULL, NULL, NULL, NULL),
('delete branch', 1, 'Only superadmin can delete branch', NULL, NULL, NULL, NULL),
('dexdevs', 1, 'Admin of the application', NULL, NULL, NULL, NULL),
('dexdevs2', 1, NULL, NULL, NULL, NULL, NULL),
('Inquiry Head', 1, 'Inquiry Head can manage activities of student inquiries only.', NULL, NULL, NULL, NULL),
('inquiry-nav', 1, 'can access this nav', NULL, NULL, NULL, NULL),
('login', 1, 'The user can login in the admin panel.', NULL, NULL, NULL, NULL),
('navigation ', 1, 'Navigation can be access authorized users only.', NULL, NULL, NULL, NULL),
('Principal', 1, 'Principal can manage whole activities in the application except account department', NULL, NULL, NULL, NULL),
('Superadmin', 1, 'Superadmin can manage whole activities in the application.', NULL, NULL, NULL, NULL),
('update-institute-name', 1, 'can update the institute name.', NULL, NULL, NULL, NULL),
('Vice Principal', 1, 'Can view whole reports.', NULL, NULL, NULL, NULL);

-- --------------------------------------------------------

--
-- Table structure for table `auth_item_child`
--

CREATE TABLE `auth_item_child` (
  `parent` varchar(64) NOT NULL,
  `child` varchar(64) NOT NULL
) ENGINE=InnoDB DEFAULT CHARSET=utf8;

--
-- Dumping data for table `auth_item_child`
--

INSERT INTO `auth_item_child` (`parent`, `child`) VALUES
('Accountant', 'login'),
('dexdevs', 'login'),
('dexdevs', 'navigation '),
('dexdevs2', 'login'),
('dexdevs2', 'navigation '),
('Inquiry Head', 'add-institute'),
('Inquiry Head', 'inquiry-nav'),
('Inquiry Head', 'login'),
('Principal', 'login'),
('Principal', 'navigation '),
('Superadmin', 'delete branch'),
('Superadmin', 'login'),
('Superadmin', 'navigation '),
('Vice Principal', 'login'),
('Vice Principal', 'navigation ');

-- --------------------------------------------------------

--
-- Table structure for table `auth_rule`
--

CREATE TABLE `auth_rule` (
  `name` varchar(64) NOT NULL,
  `data` text,
  `created_at` int(11) DEFAULT NULL,
  `updated_at` int(11) DEFAULT NULL
) ENGINE=InnoDB DEFAULT CHARSET=utf8;

-- --------------------------------------------------------

--
-- Table structure for table `branches`
--

CREATE TABLE `branches` (
  `branch_id` int(11) NOT NULL,
  `institute_id` int(11) NOT NULL,
  `branch_code` varchar(32) NOT NULL,
  `branch_name` varchar(32) NOT NULL,
  `branch_type` enum('Franchise','Group') NOT NULL,
  `branch_location` varchar(50) NOT NULL,
  `branch_contact_no` varchar(32) NOT NULL,
  `branch_email` varchar(100) NOT NULL,
  `status` enum('Active','Inactive') NOT NULL,
  `branch_head_name` varchar(50) NOT NULL,
  `branch_head_contact_no` varchar(15) NOT NULL,
  `branch_head_email` varchar(120) NOT NULL,
  `created_at` timestamp NOT NULL DEFAULT CURRENT_TIMESTAMP ON UPDATE CURRENT_TIMESTAMP,
  `updated_at` timestamp NOT NULL DEFAULT '0000-00-00 00:00:00',
  `created_by` int(11) NOT NULL,
  `updated_by` int(11) NOT NULL,
  `delete_status` tinyint(1) NOT NULL DEFAULT '1'
) ENGINE=InnoDB DEFAULT CHARSET=latin1;

--
-- Dumping data for table `branches`
--

INSERT INTO `branches` (`branch_id`, `institute_id`, `branch_code`, `branch_name`, `branch_type`, `branch_location`, `branch_contact_no`, `branch_email`, `status`, `branch_head_name`, `branch_head_contact_no`, `branch_head_email`, `created_at`, `updated_at`, `created_by`, `updated_by`, `delete_status`) VALUES
(5, 2, 'RYK01', 'Primary Branch', 'Group', 'Abbasia Town, RYK', '923-00-00000', 'primary@abcls.edu.pk', 'Active', 'Miss Noreen', '+92-301-2989965', 'noreen@abcls.edu.pk', '2019-06-18 10:07:09', '2019-06-18 10:07:09', 1, 1, 1),
(6, 2, 'RYK02', 'High Campus', 'Group', 'Trust Colony', '030-00-00000', 'high@abcls.edu.pk', 'Active', 'Miss Mariam', '+92-335-1825578', 'mariam@abcls.edu.pk', '2019-06-18 10:15:50', '2019-06-18 10:15:50', 1, 3, 1);

-- --------------------------------------------------------

--
-- Table structure for table `concession`
--

CREATE TABLE `concession` (
  `concession_id` int(11) NOT NULL,
  `concession_name` varchar(50) NOT NULL,
  `created_at` timestamp NOT NULL DEFAULT CURRENT_TIMESTAMP ON UPDATE CURRENT_TIMESTAMP,
  `updated_at` timestamp NOT NULL DEFAULT '0000-00-00 00:00:00',
  `created_by` int(11) NOT NULL,
  `updated_by` int(11) NOT NULL,
  `delete_status` tinyint(1) NOT NULL DEFAULT '1'
) ENGINE=InnoDB DEFAULT CHARSET=latin1;

--
-- Dumping data for table `concession`
--

INSERT INTO `concession` (`concession_id`, `concession_name`, `created_at`, `updated_at`, `created_by`, `updated_by`, `delete_status`) VALUES
(1, '100% Concession ', '0000-00-00 00:00:00', '0000-00-00 00:00:00', 1, 1, 1),
(2, '90% Concession ', '2019-01-10 08:16:15', '0000-00-00 00:00:00', 1, 1, 1),
(3, '80% Concession', '2019-01-10 08:16:39', '2019-01-10 08:16:39', 1, 1, 1),
(4, '70% Concession', '2019-01-10 08:16:54', '2019-01-10 08:16:54', 1, 1, 1),
(5, '60% Concession', '2019-01-10 08:17:28', '0000-00-00 00:00:00', 1, 0, 1),
(6, '50% Concession', '2019-01-10 08:17:47', '0000-00-00 00:00:00', 1, 0, 1),
(7, '40% Concession ', '2019-01-10 08:18:40', '2019-01-10 08:18:40', 1, 1, 1),
(8, '30% Concession', '2019-01-10 08:18:08', '0000-00-00 00:00:00', 1, 0, 1),
(9, '25% Concession', '2019-01-10 08:18:19', '0000-00-00 00:00:00', 1, 0, 1),
(10, 'Kinship', '2019-01-10 08:18:27', '0000-00-00 00:00:00', 1, 0, 1);

-- --------------------------------------------------------

--
-- Table structure for table `custom_sms`
--

CREATE TABLE `custom_sms` (
  `id` int(11) NOT NULL,
  `send_to` text NOT NULL,
  `message` text NOT NULL,
  `created_at` timestamp NOT NULL DEFAULT CURRENT_TIMESTAMP ON UPDATE CURRENT_TIMESTAMP,
  `updated_at` timestamp NOT NULL DEFAULT '0000-00-00 00:00:00',
  `created_by` int(11) NOT NULL,
  `updated_by` int(11) NOT NULL
) ENGINE=InnoDB DEFAULT CHARSET=latin1;

--
-- Dumping data for table `custom_sms`
--

INSERT INTO `custom_sms` (`id`, `send_to`, `message`, `created_at`, `updated_at`, `created_by`, `updated_by`) VALUES
(1, '923063772105', '<p>Hello,</p><p>This is testing <b><i>SMS.</i></b></p>', '2019-03-08 15:24:28', '0000-00-00 00:00:00', 8, 0),
(2, '923063772106', '<p>\r\n\r\nTesting <b><i>SMS.</i></b>\r\n\r\n<br></p>', '2019-03-08 16:02:54', '0000-00-00 00:00:00', 8, 0),
(3, '923317375027', '<p>Testing SMS from web application.</p>', '2019-03-08 16:08:41', '0000-00-00 00:00:00', 8, 0),
(4, '923063772106', 'This is testing SMS from Brookfield.', '2019-03-08 16:14:43', '0000-00-00 00:00:00', 8, 0),
(5, '923063772105', 'Testing SMS.', '2019-03-08 16:23:59', '0000-00-00 00:00:00', 8, 0),
(6, '923063772106', 'Testing SMS.', '2019-03-08 16:26:31', '0000-00-00 00:00:00', 8, 0),
(8, '923063772106', 'Testing SMS.', '2019-03-08 16:36:02', '0000-00-00 00:00:00', 8, 0),
(9, '923041422508', 'This is testing SMS by DEXDEVS from Brookfield web application.', '2019-03-08 16:37:40', '0000-00-00 00:00:00', 8, 0),
(10, '923063772105', 'This is testing SMS by DEXDEVS from Brookfield web application.', '2019-03-08 16:39:10', '0000-00-00 00:00:00', 8, 0),
(11, '923356383287', 'This is testing SMS by DEXDEVS from Brookfield web application.', '2019-03-08 16:40:13', '0000-00-00 00:00:00', 8, 0),
(12, '923006773327', 'This is testing SMS by DEXDEVS from Brookfield web application.', '2019-03-08 16:41:07', '0000-00-00 00:00:00', 8, 0),
(13, '923006999824', 'This is testing SMS by DEXDEVS from Brookfield web application.\r\n\r\nTask completed by Nauman & Anas.', '2019-03-08 16:42:14', '0000-00-00 00:00:00', 8, 0);

-- --------------------------------------------------------

--
-- Table structure for table `departments`
--

CREATE TABLE `departments` (
  `department_id` int(11) NOT NULL,
  `department_name` varchar(100) NOT NULL,
  `department_description` varchar(200) NOT NULL,
  `created_at` timestamp NOT NULL DEFAULT CURRENT_TIMESTAMP ON UPDATE CURRENT_TIMESTAMP,
  `updated_at` timestamp NOT NULL DEFAULT '0000-00-00 00:00:00',
  `created_by` int(11) NOT NULL,
  `updated_by` int(11) NOT NULL
) ENGINE=InnoDB DEFAULT CHARSET=latin1;

--
-- Dumping data for table `departments`
--

INSERT INTO `departments` (`department_id`, `department_name`, `department_description`, `created_at`, `updated_at`, `created_by`, `updated_by`) VALUES
(1, 'Computer Science Department', 'Computer Science Department', '2019-02-19 05:42:48', '0000-00-00 00:00:00', 3, 0),
(2, 'Biology Department', 'Biology Department', '2019-02-19 05:43:07', '0000-00-00 00:00:00', 3, 0),
(3, 'Chemistry Department', 'Chemistry Department', '2019-02-19 05:43:25', '0000-00-00 00:00:00', 3, 0),
(4, 'Physics Department', 'Physics Department', '2019-02-19 05:43:44', '0000-00-00 00:00:00', 3, 0),
(5, 'Mathematics Department', 'Mathematics Department', '2019-02-19 05:44:16', '0000-00-00 00:00:00', 3, 0),
(6, 'Urdu Department', 'Urdu Department', '2019-02-19 05:44:42', '0000-00-00 00:00:00', 3, 0),
(7, 'English Department', 'English Department', '2019-02-19 05:45:05', '0000-00-00 00:00:00', 3, 0);

-- --------------------------------------------------------

--
-- Table structure for table `designation`
--

CREATE TABLE `designation` (
  `designation_id` int(11) NOT NULL,
  `designation` varchar(100) NOT NULL,
  `created_at` timestamp NOT NULL DEFAULT CURRENT_TIMESTAMP ON UPDATE CURRENT_TIMESTAMP,
  `updated_at` timestamp NOT NULL DEFAULT '0000-00-00 00:00:00',
  `created_by` int(11) NOT NULL,
  `updated_by` int(11) NOT NULL,
  `delete_status` tinyint(1) NOT NULL DEFAULT '1'
) ENGINE=InnoDB DEFAULT CHARSET=latin1;

--
-- Dumping data for table `designation`
--

INSERT INTO `designation` (`designation_id`, `designation`, `created_at`, `updated_at`, `created_by`, `updated_by`, `delete_status`) VALUES
(2, 'Vice Principal', '2019-04-27 08:49:01', '2018-10-31 08:17:30', 1, 1, 1),
(3, 'Coordinator', '2018-10-31 08:23:02', '0000-00-00 00:00:00', 1, 0, 1),
(4, 'Teacher', '2018-10-31 08:23:21', '0000-00-00 00:00:00', 1, 0, 1),
(5, 'Security Gaurd', '2018-10-31 09:55:43', '2018-10-31 09:55:43', 1, 1, 1),
(6, 'Accountant', '2018-12-07 06:29:32', '0000-00-00 00:00:00', 1, 0, 1),
(7, 'Librarian', '2019-01-14 17:59:26', '0000-00-00 00:00:00', 0, 0, 1),
(8, 'Office Boy', '2019-02-20 13:33:12', '0000-00-00 00:00:00', 9, 0, 1),
(9, 'HOD', '2019-02-22 07:33:33', '2019-02-22 07:33:33', 9, 8, 1),
(10, 'Clerical Staff', '2019-05-02 09:30:04', '0000-00-00 00:00:00', 1, 0, 1),
(11, 'Executive Administrator', '2019-06-18 11:19:34', '0000-00-00 00:00:00', 0, 0, 1),
(12, 'Computer Operator', '2019-06-18 11:21:50', '0000-00-00 00:00:00', 1, 0, 1),
(13, 'Maid', '2019-06-18 11:22:14', '0000-00-00 00:00:00', 1, 0, 1),
(14, 'Campus Head', '2019-06-18 11:22:43', '0000-00-00 00:00:00', 1, 0, 1);

-- --------------------------------------------------------

--
-- Table structure for table `emails`
--

CREATE TABLE `emails` (
  `emial_id` int(11) NOT NULL,
  `receiver_name` varchar(60) NOT NULL,
  `receiver_email` varchar(120) NOT NULL,
  `email_subject` varchar(255) NOT NULL,
  `email_content` text NOT NULL,
  `email_attachment` varchar(255) NOT NULL,
  `created_at` timestamp NOT NULL DEFAULT CURRENT_TIMESTAMP ON UPDATE CURRENT_TIMESTAMP,
  `created_by` int(11) NOT NULL,
  `updated_at` timestamp NOT NULL DEFAULT '0000-00-00 00:00:00',
  `updated_by` int(11) NOT NULL,
  `delete_status` tinyint(1) NOT NULL DEFAULT '1'
) ENGINE=InnoDB DEFAULT CHARSET=latin1;

--
-- Dumping data for table `emails`
--

INSERT INTO `emails` (`emial_id`, `receiver_name`, `receiver_email`, `email_subject`, `email_content`, `email_attachment`, `created_at`, `created_by`, `updated_at`, `updated_by`, `delete_status`) VALUES
(1, 'Anas', 'anasshafqat01@gmail.com', 'Welcome', 'This is testing email from yii2...!', 'attachments/1545482896.png', '2018-12-22 12:48:24', 0, '0000-00-00 00:00:00', 0, 1),
(3, 'Anas Shafqat', 'anasshafqat01@gmail.com', 'Wellcome to DEXDEVS', 'This is testing email from Yii2...!', 'attachments/1545483278.png', '2018-12-22 12:54:44', 1, '0000-00-00 00:00:00', 0, 1),
(4, 'Saif ur Rehman', 'saifarshad.6987@gmail.com', 'Wellcome To DEXDEVS', 'This is testing email from Yii2...!', 'attachments/1545483348.png', '2018-12-22 12:55:52', 1, '0000-00-00 00:00:00', 0, 1),
(5, 'Nauman Shahid', 'hwhasmhi1625@gmail.com', 'Wellcome To DEXDEVS', 'This is testing email from Yii2...!', 'attachments/1545483409.png', '2018-12-22 12:56:55', 1, '0000-00-00 00:00:00', 0, 1),
(6, 'Nauman Shahid', 'hwhashmi1625@gmail.com', 'Wellcome To DEXDEVS', 'This is testing email with file attachment from Yii2...!', 'attachments/1545483610.png', '2018-12-22 13:00:16', 1, '0000-00-00 00:00:00', 0, 1),
(7, 'Nadia Gull', 'nadiagull285@gmail.com', 'Wellcome To DEXDEVS', 'This is testing email with file attachment from Yii2...!', 'attachments/1545483685.png', '2018-12-22 13:01:39', 1, '0000-00-00 00:00:00', 0, 1),
(8, 'Kinza Fatima', 'kinza.fatima522@gmail.com', 'Wellcome To DEXDEVS', 'This is testing email with file attachment from Yii2...!', 'attachments/1545483773.png', '2018-12-22 13:02:59', 1, '0000-00-00 00:00:00', 0, 1),
(9, 'Rana Faraz', 'ranafarazahmed@gmail.com', 'Wellcome To DEXDEVS', 'This is testing email with file attachment from Yii2...!	', 'attachments/1545484174.png', '2018-12-22 13:09:38', 1, '0000-00-00 00:00:00', 0, 1),
(10, 'Anas Shafqat', 'anasshafqat01@gmail.com', 'Wellcome To DEXDEVS', 'This is testing email with file attachment from Yii2...!', 'attachments/1545484846.jpg', '2018-12-31 10:46:04', 1, '2018-12-31 10:46:04', 1, 0),
(11, 'anas', 'anasshafqat01@gmail.com', 'helli', 'mlklkk', 'attachments/1545761723.jpg', '2018-12-31 10:44:52', 1, '2018-12-31 10:44:52', 1, 0),
(12, 'Anas', 'anasshafqat01@gmail.com', 'Hello', 'heloo heloo heloo heloo', 'attachments/1545764108.jpg', '2018-12-31 11:11:53', 1, '2018-12-31 11:11:53', 1, 0),
(13, 'Anas', 'anasshafqat01@gmail.com', 'Hello', 'Testing Email....', 'attachments/1545804180.jpg', '2018-12-26 06:03:14', 1, '0000-00-00 00:00:00', 0, 1),
(14, 'khh', 'anasshafqat01@gmail.com', 'hello', 'jkhjkh', 'attachments/1545816221.sql', '2018-12-26 09:23:48', 1, '0000-00-00 00:00:00', 0, 1),
(15, 'Mehtab', 'chmehtab4@gmail.com', 'Hello', 'This is testing Email with file attachment from Yii2....', 'attachments/1546064434.png', '2018-12-29 06:21:12', 1, '0000-00-00 00:00:00', 0, 1),
(16, 'Anas Shafqat', 'anasshafqat01@gmail.com', 'Wellcome', 'Testing Email...', 'attachments/1546066690.png', '2018-12-29 06:58:16', 1, '0000-00-00 00:00:00', 0, 1),
(17, 'Anas Shafqat', 'anasshafqat01@gmail.com', 'Hello', '<h2>Hello Sir,</h2><p><b><i>This is testing email from yii2...</i></b><br></p><p><b><i><br></i></b></p><p><b></b>Regards<b></b></p><p><b><i>Anas Shafqat</i></b></p>', 'attachments/1546068232.mp4', '2018-12-29 07:26:27', 1, '0000-00-00 00:00:00', 0, 1),
(18, 'Rana Faraz', 'ranafarazahmed@gmail.com', 'Testing Email', '<h2><b>Hello Sir,</b></h2><p><b><i></i><i>This is testing Email from Yii2 with text formatting.</i><i></i></b><b></b></p><p><b><i><br></i></b></p><p><b>Note:</b></p><p><ol><li><i>jkhjhj</i></li><li><i>erwrwe</i></li><li><i>werwe</i></li><li><i>were</i></li><li><i>werwerwr</i></li></ol><p>Regards,<br></p><p><b><i>Anas Shafqat</i></b></p></p>', 'attachments/1546069705.jpg', '2018-12-29 07:48:30', 1, '0000-00-00 00:00:00', 0, 1),
(19, 'ans', 'anasshafqat01@gmail.com', 'hello', '<p><b><i>anasshafqat01@gmail.com</i></b><br></p>', 'attachments/1548138607.jpg', '2019-01-22 06:30:23', 9, '0000-00-00 00:00:00', 0, 1),
(20, 'Kinza Mustafah', 'kinza@gmail.com', 'Wellcome', 'Hello....', '', '2019-03-04 09:49:21', 0, '0000-00-00 00:00:00', 0, 1),
(21, 'Kinza Mustafah', 'kinza@gmail.com', 'Wellcome', 'Hello....', '', '2019-03-04 09:49:40', 0, '0000-00-00 00:00:00', 0, 1),
(22, 'Rana Faraz', 'ranafarazahmed@gmail.com', 'Testing', '<p>lkjhgfdsdfghjk</p>', 'attachments/1551947170.jpg', '2019-03-07 08:26:26', 3, '0000-00-00 00:00:00', 0, 1);

-- --------------------------------------------------------

--
-- Table structure for table `emp_attendance`
--

CREATE TABLE `emp_attendance` (
  `att_id` int(11) NOT NULL,
  `branch_id` int(11) NOT NULL,
  `emp_id` int(11) NOT NULL,
  `att_date` date NOT NULL,
  `check_in` time DEFAULT NULL,
  `check_out` time DEFAULT NULL,
  `attendance` varchar(2) NOT NULL,
  `created_by` int(11) NOT NULL,
  `updated_by` int(11) NOT NULL,
  `created_at` timestamp NOT NULL DEFAULT '0000-00-00 00:00:00',
  `updated_at` timestamp NOT NULL DEFAULT '0000-00-00 00:00:00'
) ENGINE=InnoDB DEFAULT CHARSET=latin1;

-- --------------------------------------------------------

--
-- Table structure for table `emp_departments`
--

CREATE TABLE `emp_departments` (
  `emp_department_id` int(11) NOT NULL,
  `emp_id` int(11) NOT NULL,
  `dept_id` int(11) NOT NULL
) ENGINE=InnoDB DEFAULT CHARSET=latin1;

--
-- Dumping data for table `emp_departments`
--

INSERT INTO `emp_departments` (`emp_department_id`, `emp_id`, `dept_id`) VALUES
(1, 4, 1),
(2, 1, 5),
(3, 5, 1),
(4, 8, 5),
(5, 9, 4);

-- --------------------------------------------------------

--
-- Table structure for table `emp_designation`
--

CREATE TABLE `emp_designation` (
  `emp_designation_id` int(11) NOT NULL,
  `emp_id` int(11) NOT NULL,
  `designation_id` int(11) NOT NULL,
  `emp_type_id` int(11) NOT NULL,
  `group_by` enum('Faculty','Non-Faculty') NOT NULL,
  `emp_salary` double NOT NULL,
  `designation_status` enum('Registered','Promotion','Demotion') NOT NULL,
  `status` enum('Active','Inactive') NOT NULL,
  `created_at` timestamp NOT NULL DEFAULT CURRENT_TIMESTAMP ON UPDATE CURRENT_TIMESTAMP,
  `updated_at` timestamp NOT NULL DEFAULT '0000-00-00 00:00:00',
  `created_by` int(11) NOT NULL,
  `updated_by` int(11) NOT NULL
) ENGINE=InnoDB DEFAULT CHARSET=latin1;

--
-- Dumping data for table `emp_designation`
--

INSERT INTO `emp_designation` (`emp_designation_id`, `emp_id`, `designation_id`, `emp_type_id`, `group_by`, `emp_salary`, `designation_status`, `status`, `created_at`, `updated_at`, `created_by`, `updated_by`) VALUES
(1, 1, 11, 6, 'Non-Faculty', 15000, 'Registered', 'Active', '2019-06-18 11:29:57', '0000-00-00 00:00:00', 1, 0);

-- --------------------------------------------------------

--
-- Table structure for table `emp_documents`
--

CREATE TABLE `emp_documents` (
  `emp_document_id` int(11) NOT NULL,
  `emp_info_id` int(11) NOT NULL,
  `emp_document_name` varchar(30) NOT NULL,
  `emp_document` varchar(120) NOT NULL,
  `delete_status` int(11) NOT NULL DEFAULT '1',
  `created_at` timestamp NOT NULL DEFAULT CURRENT_TIMESTAMP ON UPDATE CURRENT_TIMESTAMP,
  `updated_at` timestamp NOT NULL DEFAULT '0000-00-00 00:00:00',
  `created_by` int(11) NOT NULL,
  `updated_by` int(11) NOT NULL
) ENGINE=InnoDB DEFAULT CHARSET=latin1;

-- --------------------------------------------------------

--
-- Table structure for table `emp_info`
--

CREATE TABLE `emp_info` (
  `emp_id` int(11) NOT NULL,
  `emp_branch_id` int(11) NOT NULL,
  `emp_reg_no` varchar(50) NOT NULL,
  `emp_name` varchar(50) NOT NULL,
  `emp_father_name` varchar(50) NOT NULL,
  `emp_cnic` varchar(15) NOT NULL,
  `emp_contact_no` varchar(15) NOT NULL,
  `emp_perm_address` varchar(200) NOT NULL,
  `emp_temp_address` varchar(200) NOT NULL,
  `emp_marital_status` enum('Single','Married') NOT NULL,
  `emp_fb_ID` varchar(30) NOT NULL,
  `emp_gender` enum('Male','Female') NOT NULL,
  `emp_photo` varchar(200) NOT NULL,
  `emp_dept_id` int(11) NOT NULL,
  `emp_salary_type` enum('Salaried','Per Lecture') NOT NULL,
  `emp_email` varchar(84) NOT NULL,
  `emp_qualification` varchar(50) NOT NULL,
  `emp_passing_year` int(11) NOT NULL,
  `emp_institute_name` varchar(50) NOT NULL,
  `degree_scan_copy` varchar(200) NOT NULL,
  `emp_cv` varchar(200) NOT NULL,
  `barcode` longblob NOT NULL,
  `emp_status` enum('Active','Inactive') NOT NULL,
  `created_at` timestamp NOT NULL DEFAULT CURRENT_TIMESTAMP ON UPDATE CURRENT_TIMESTAMP,
  `updated_at` timestamp NOT NULL DEFAULT '0000-00-00 00:00:00',
  `created_by` int(11) NOT NULL,
  `updated_by` int(11) NOT NULL,
  `delete_status` tinyint(1) NOT NULL DEFAULT '1'
) ENGINE=InnoDB DEFAULT CHARSET=latin1;

--
-- Dumping data for table `emp_info`
--

INSERT INTO `emp_info` (`emp_id`, `emp_branch_id`, `emp_reg_no`, `emp_name`, `emp_father_name`, `emp_cnic`, `emp_contact_no`, `emp_perm_address`, `emp_temp_address`, `emp_marital_status`, `emp_fb_ID`, `emp_gender`, `emp_photo`, `emp_dept_id`, `emp_salary_type`, `emp_email`, `emp_qualification`, `emp_passing_year`, `emp_institute_name`, `degree_scan_copy`, `emp_cv`, `barcode`, `emp_status`, `created_at`, `updated_at`, `created_by`, `updated_by`, `delete_status`) VALUES
(1, 5, 'EMP-Y19-1', 'Syed Muzammil Javed', 'Syed Javed Raza', '31303-7130738-7', '+92-321-6716065', 'Jinnah Park', 'Jinnah Park', 'Single', 'Muzammil Shah', 'Female', '0', 1, 'Salaried', 'syedmuzammiljaved@gmail.com', 'MCS', 2019, 'KFGC', '0', '0', 0x646174613a696d6167652f706e673b6261736536342c6956424f5277304b47676f414141414e5355684555674141414e494141414261434159414141444e65676a3341414147726b6c4551565234587532645036676b525244477677324e4e5441304f7a4d54413046424d6645774555774d314641454d52484d524431507a41517a5163524944557745453848494378514d52444454524d5459532b2f434a33586237617670375a72756d6465754d504e62654c7a33646d62377a7a663154583156315431376b4851722f596758434944414b675365504569366b58355774634348514141453943354577677041344f6f49514b53725930674c4949424877675a4159415143654b51524b4e4c4737684741534c73334151415967514245476f4569626577654159693065784d4167424549514b51524b4e4c4737684741534c73334151415967514245476f4569626577654159693065784d4167424549514b51524b4e4c4737684741534c73334151415967514245476f4569626577654159693065784d4167424549514b51524b4e4c4737684741534c73334151415967514245476f456962657765675834695856786358505441645467635a4b66616233766c6a2b5833376233574f663534627176385857733736724f6e50542f4f33506261397649636654742b2f424547632b4d3831337a4c362b557857487664576e6955383236647677532f6c673132327654526d4f4d58524b6f5a4f455371332b77675573676b694153524c705644537a56414a496a307239794d70434c5337696a486b58616e5a446c6b6659753075347a62494e4970596370597269634769574b32477236746d49635971634c516c76736e3258444d3264527749746b773959676a6b6a556b47314c6d6a3678646e4146646d3155734a5277656154346c6837527a716667355354646e5745736b544d74416c3851672f3165366e78694a47436d73585646487173654955657a53497a3258334743496b5277354b63684f3435716c5351734b737164703975674731794a654439463746775530437130356e715567327950706b4862484653684c7043636561554a42437249555a436e49747277537951615344624f4661474b6b7275576a35716d52646b693753386e57572f6a7369554751646b693753544555615965305139716c6e5232743152536b76306c2f657939622f673252494e4939473667565558736b4c5445534d564a6f514b4d4e61303137492b7367632f55516c67684e6c302f566c4164723756687231375754654133525730755a53445a4d7852355a4f394c66704c38626a7a746f78556670706b4c3675796457594755444b78766d43495648776950686b664249635346784c73676548544f736159396b777a546433734b6a743143385a4330676931596253595a7a5a374567556e335639684a63494a49546a6d796a594276463273493352494a49717771654c63507053532b7a517a626576375145502b7049314a476f49365645515252446c544b66676d786c7155387262523170394358617653664958644d65486f6c6b5135684f4a30596952694a4743756e42446c6d325562434e6f7257366759497342566b4b7368526b4b636a32534b6b314d52794c5669396c6573736273646175654378774b336e42512f5235696c42454b715164306735706837524432694874707176535757766e5a465a556c53376662306b78366b6a7a443964763452644a575a3739665372776b485a494f3651643067357068375244327647743575356233612b7956757a6332306151646b673776745a6c674a53465342414a496b476b6b356951625252736f3241624264736f3474517336572b2b6a4c6e31434f6d52323144775348676b5042496543592f6b6e3352453175363453445237427a785378314c5a5675304461596530673067516158616c5147743777707131597453525467767a5050786b344e6577734e614f745859382f4d54564f395a7554494e4945416b6951615271526d3475646a6a586a594f5644662f78796f614f38496854514743764350512f5257697643444676454f684141434a31674d5170494e424341434b31454f493443485167414a4536514f495545476768414a46614348456342446f51674567644948454b434c5151674567746844674f4168304951435148306a564a58306c36524e496e6b7436516444636476302f536d35492b6c6e526230754f53666b6a483370483066767262762f2b537043386c765333705a6a722b684b51664b78666d52556c667550652f6b32547657562f335333704e306f647050464866755a39664a62306736652f552f7a4f75585276547a384538666276524f503163724e6b5370773662322b517045436d34724762456679616a7a77626d6a64742f7a416a337261532f484e6e732b416553336b706b7350394c516b51575a6630396c4569514352595a624f3762326e7057306b654a3545383763747578386b61512b38377a2f4b557839747059505561625a4d65435355476b414b78736f4c384848696c2f7a42766f4138365937586870614f62787372464831386a6165316e53353834625267543066563933784b2b527873687072394962526a6342377746725937557850532f70307758477475565449564a7864624e304b61564e615a7a3276393339483073797967685845695554795353575363616643726c594d797a766a664c786b6b6931766a31706132503173745461726333542b6a45702b71436255325438654b4d704d6841707342517a74442b535963314a6f327a55356b474d4d4e376a31447a5344556d765333725978566965744b39492b74724a77546c4a365073324b5a696c61456b6b49376a313930316c726e6d65466a666c73643252394a366b7a7951396d6d4b334848665a4461506d4e6266736258726d427045436c457250454d555958734c39357549694d386253433879316b516c546b30747a7356556d7133302b7830576c5a33784f6b6f30747931512f3554785049354b2f435a5453316e396d6a706739527266466379435375366f2b6139584b32766b73573553314d30396a5162784a77466454503145327a4137585a46334e493056395a376e6d6b794a52764a517a6a6e36655562756c34535072546d384645476d4c7430666d64485945494e4c5a496166444c5349416b625a34565a6e5432524741534765486e413633694d4139496e3076366459575a386563514f424d43447a31442f496637756a46515839724141414141456c46546b5375516d4343, 'Active', '2019-06-18 11:17:03', '0000-00-00 00:00:00', 1, 0, 1);

-- --------------------------------------------------------

--
-- Table structure for table `emp_leave`
--

CREATE TABLE `emp_leave` (
  `app_id` int(11) NOT NULL,
  `branch_id` int(11) NOT NULL,
  `emp_id` int(11) NOT NULL,
  `leave_type` enum('Casual Leave','Medical Leave','','') NOT NULL,
  `starting_date` date NOT NULL,
  `ending_date` date NOT NULL,
  `applying_date` date NOT NULL,
  `no_of_days` int(5) NOT NULL,
  `leave_purpose` varchar(100) NOT NULL,
  `status` enum('Accepted','Rejected','Pending') NOT NULL,
  `remarks` varchar(200) NOT NULL,
  `created_at` timestamp NOT NULL DEFAULT CURRENT_TIMESTAMP ON UPDATE CURRENT_TIMESTAMP,
  `updated_at` timestamp NOT NULL DEFAULT '0000-00-00 00:00:00',
  `created_by` int(11) NOT NULL,
  `updated_by` int(11) NOT NULL
) ENGINE=InnoDB DEFAULT CHARSET=latin1;

-- --------------------------------------------------------

--
-- Table structure for table `emp_reference`
--

CREATE TABLE `emp_reference` (
  `emp_ref_id` int(11) NOT NULL,
  `emp_id` int(11) DEFAULT NULL,
  `ref_name` varchar(50) NOT NULL,
  `ref_contact_no` varchar(15) NOT NULL,
  `ref_cnic` varchar(15) NOT NULL,
  `ref_designation` varchar(100) NOT NULL
) ENGINE=InnoDB DEFAULT CHARSET=latin1;

--
-- Dumping data for table `emp_reference`
--

INSERT INTO `emp_reference` (`emp_ref_id`, `emp_id`, `ref_name`, `ref_contact_no`, `ref_cnic`, `ref_designation`) VALUES
(1, 1, '', '', '', '');

-- --------------------------------------------------------

--
-- Table structure for table `emp_type`
--

CREATE TABLE `emp_type` (
  `emp_type_id` int(11) NOT NULL,
  `emp_type` varchar(50) NOT NULL,
  `created_at` timestamp NOT NULL DEFAULT CURRENT_TIMESTAMP ON UPDATE CURRENT_TIMESTAMP,
  `updated_at` timestamp NOT NULL DEFAULT '0000-00-00 00:00:00',
  `created_by` int(11) NOT NULL,
  `updated_by` int(11) NOT NULL,
  `delete_status` tinyint(1) NOT NULL DEFAULT '1'
) ENGINE=InnoDB DEFAULT CHARSET=latin1;

--
-- Dumping data for table `emp_type`
--

INSERT INTO `emp_type` (`emp_type_id`, `emp_type`, `created_at`, `updated_at`, `created_by`, `updated_by`, `delete_status`) VALUES
(1, 'Daily Wages', '2019-03-16 06:47:32', '0000-00-00 00:00:00', 1, 0, 1),
(2, 'Weekly Wages', '2019-03-16 06:47:44', '2019-03-16 06:47:44', 1, 1, 1),
(3, 'Contract Basis', '2019-01-14 18:24:23', '0000-00-00 00:00:00', 1, 0, 1),
(4, 'Permanent ', '2018-12-14 07:52:24', '0000-00-00 00:00:00', 1, 0, 1),
(5, 'Visiting', '2019-02-26 05:02:48', '2019-02-26 05:02:48', 0, 3, 1),
(6, 'Temporary', '2019-06-18 11:29:11', '0000-00-00 00:00:00', 1, 0, 1);

-- --------------------------------------------------------

--
-- Table structure for table `events`
--

CREATE TABLE `events` (
  `event_id` int(11) NOT NULL,
  `event_title` varchar(80) NOT NULL,
  `event_detail` text NOT NULL,
  `event_venue` varchar(100) NOT NULL,
  `event_start_datetime` datetime NOT NULL,
  `event_end_datetime` datetime NOT NULL,
  `created_at` datetime NOT NULL,
  `created_by` int(11) NOT NULL,
  `updated_at` datetime DEFAULT NULL,
  `updated_by` int(11) DEFAULT NULL,
  `is_status` enum('Active','Inactive') NOT NULL
) ENGINE=InnoDB DEFAULT CHARSET=utf8;

--
-- Dumping data for table `events`
--

INSERT INTO `events` (`event_id`, `event_title`, `event_detail`, `event_venue`, `event_start_datetime`, `event_end_datetime`, `created_at`, `created_by`, `updated_at`, `updated_by`, `is_status`) VALUES
(1, 'Last Day', 'Last Day of Janvi', '', '2015-05-30 00:00:00', '2015-05-30 00:00:00', '2015-05-27 15:34:53', 1, '2015-05-27 15:40:30', 1, 'Inactive'),
(2, 'Janvi BDay', 'Happy Birthday Janvi ', '', '2015-07-05 00:00:00', '2015-07-05 00:00:00', '2015-05-27 15:35:38', 1, '2015-05-27 15:40:48', 1, 'Inactive'),
(3, 'Happy Bday', 'Happy Birthday KarmrajSir', '', '2015-07-25 00:00:00', '2015-07-25 00:00:00', '2019-04-20 13:14:50', 3, '0000-00-00 00:00:00', 0, 'Inactive'),
(4, 'Launching New Application', 'Launch of Edusec Yii2', '', '2015-06-02 09:30:00', '2015-06-02 10:00:00', '2015-05-27 15:37:00', 1, '2015-05-27 15:39:37', 1, ''),
(5, 'Meeting for staff ', 'All Staff Members-Meeting', '', '2015-06-09 00:00:00', '2015-06-09 00:00:00', '2015-05-27 15:37:42', 1, NULL, NULL, ''),
(7, 'Celebration Time', 'Celebration Time', '', '2015-06-25 00:00:00', '2015-06-25 00:00:00', '2015-05-27 15:39:12', 1, NULL, NULL, ''),
(8, 'Sports Week', 'Annual sports week of Brookfield Group of Colleges.', 'Shiekh Zaid Sports Complex', '2019-01-31 08:00:05', '2019-02-04 05:00:05', '2019-01-30 16:57:53', 9, '2019-01-30 17:00:43', 9, 'Active');

-- --------------------------------------------------------

--
-- Table structure for table `exams_category`
--

CREATE TABLE `exams_category` (
  `exam_category_id` int(11) NOT NULL,
  `category_name` varchar(30) NOT NULL,
  `description` varchar(300) NOT NULL,
  `created_at` timestamp NOT NULL DEFAULT CURRENT_TIMESTAMP ON UPDATE CURRENT_TIMESTAMP,
  `updated_at` timestamp NOT NULL DEFAULT '0000-00-00 00:00:00',
  `created_by` int(11) NOT NULL,
  `updated_by` int(11) NOT NULL
) ENGINE=InnoDB DEFAULT CHARSET=latin1;

--
-- Dumping data for table `exams_category`
--

INSERT INTO `exams_category` (`exam_category_id`, `category_name`, `description`, `created_at`, `updated_at`, `created_by`, `updated_by`) VALUES
(1, 'Daily Test', 'Daily Class Tests', '2019-03-11 09:34:22', '0000-00-00 00:00:00', 0, 0),
(2, 'Weekly Tests', 'Weekly Class Tests', '2019-03-11 09:34:40', '0000-00-00 00:00:00', 0, 0),
(3, 'First Term', 'First Term Exams', '2019-03-11 09:35:27', '0000-00-00 00:00:00', 0, 0),
(4, 'Mid Term', 'Mid Term Exams', '2019-03-11 09:35:49', '0000-00-00 00:00:00', 0, 0),
(5, 'Final Term', 'Final Term Exams', '2019-03-11 09:36:04', '0000-00-00 00:00:00', 0, 0),
(6, 'December Test', 'December Test / Exams', '2019-03-11 09:36:44', '0000-00-00 00:00:00', 0, 0),
(7, 'Quiz', 'Subject Quiz', '2019-03-11 09:37:15', '0000-00-00 00:00:00', 0, 0),
(8, 'Assignment', 'Class Assignment', '2019-03-11 09:37:35', '0000-00-00 00:00:00', 0, 0),
(9, 'Presentation', 'Class Presentation', '2019-03-11 09:37:56', '0000-00-00 00:00:00', 0, 0),
(10, 'Sendups', 'Class Sendups', '2019-03-11 09:38:11', '0000-00-00 00:00:00', 0, 0);

-- --------------------------------------------------------

--
-- Table structure for table `exams_criteria`
--

CREATE TABLE `exams_criteria` (
  `exam_criteria_id` int(11) NOT NULL,
  `exam_category_id` int(11) NOT NULL,
  `class_id` int(11) NOT NULL,
  `exam_start_date` date NOT NULL,
  `exam_end_date` date NOT NULL,
  `exam_start_time` time NOT NULL,
  `exam_end_time` time NOT NULL,
  `exam_room` varchar(15) NOT NULL,
  `exam_status` varchar(50) NOT NULL,
  `exam_type` varchar(10) NOT NULL,
  `created_at` timestamp NOT NULL DEFAULT CURRENT_TIMESTAMP ON UPDATE CURRENT_TIMESTAMP,
  `updated_at` timestamp NOT NULL DEFAULT '0000-00-00 00:00:00',
  `created_by` int(11) NOT NULL,
  `updated_by` int(11) NOT NULL
) ENGINE=InnoDB DEFAULT CHARSET=latin1;

--
-- Dumping data for table `exams_criteria`
--

INSERT INTO `exams_criteria` (`exam_criteria_id`, `exam_category_id`, `class_id`, `exam_start_date`, `exam_end_date`, `exam_start_time`, `exam_end_time`, `exam_room`, `exam_status`, `exam_type`, `created_at`, `updated_at`, `created_by`, `updated_by`) VALUES
(1, 5, 6, '2019-04-12', '2019-04-19', '08:00:00', '11:00:00', 'Room-1', 'conducted', 'Regular', '2019-04-19 19:13:16', '2019-04-19 19:13:16', 1, 3);

-- --------------------------------------------------------

--
-- Table structure for table `exams_schedule`
--

CREATE TABLE `exams_schedule` (
  `exam_schedule_id` int(11) NOT NULL,
  `exam_criteria_id` int(11) NOT NULL,
  `subject_id` int(11) NOT NULL,
  `emp_id` int(11) NOT NULL,
  `emp_attendance` varchar(2) NOT NULL,
  `date` date NOT NULL,
  `full_marks` int(5) NOT NULL,
  `passing_marks` int(5) NOT NULL,
  `status` varchar(50) NOT NULL,
  `created_at` timestamp NOT NULL DEFAULT CURRENT_TIMESTAMP ON UPDATE CURRENT_TIMESTAMP,
  `updated_at` timestamp NOT NULL DEFAULT '0000-00-00 00:00:00',
  `created_by` int(11) NOT NULL,
  `updated_by` int(11) NOT NULL
) ENGINE=InnoDB DEFAULT CHARSET=latin1;

--
-- Dumping data for table `exams_schedule`
--

INSERT INTO `exams_schedule` (`exam_schedule_id`, `exam_criteria_id`, `subject_id`, `emp_id`, `emp_attendance`, `date`, `full_marks`, `passing_marks`, `status`, `created_at`, `updated_at`, `created_by`, `updated_by`) VALUES
(1, 1, 1, 1, '', '2019-04-12', 100, 33, 'not', '2019-04-19 19:13:16', '2019-04-19 19:13:16', 1, 3),
(2, 1, 2, 3, '', '2019-04-13', 100, 33, 'not', '2019-04-19 19:13:16', '2019-04-19 19:13:16', 1, 3),
(3, 1, 4, 1, '', '2019-04-15', 100, 33, 'result prepared', '2019-04-19 19:13:16', '2019-04-19 19:13:16', 1, 3),
(4, 1, 8, 1, '', '2019-04-16', 100, 33, 'not', '2019-04-19 19:13:16', '2019-04-19 19:13:16', 1, 3),
(5, 1, 7, 4, '', '2019-04-17', 50, 17, 'not', '2019-04-19 19:13:16', '2019-04-19 19:13:16', 1, 3),
(6, 1, 10, 3, '', '2019-04-18', 100, 33, 'not', '2019-04-19 19:13:16', '2019-04-19 19:13:16', 1, 3);

-- --------------------------------------------------------

--
-- Table structure for table `fee_month_detail`
--

CREATE TABLE `fee_month_detail` (
  `month_detail_id` int(11) NOT NULL,
  `voucher_no` int(11) NOT NULL,
  `month` varchar(10) NOT NULL,
  `monthly_amount` double NOT NULL
) ENGINE=InnoDB DEFAULT CHARSET=latin1;

-- --------------------------------------------------------

--
-- Table structure for table `fee_transaction_detail`
--

CREATE TABLE `fee_transaction_detail` (
  `fee_trans_detail_id` int(11) NOT NULL,
  `fee_trans_detail_head_id` int(11) NOT NULL,
  `fee_type_id` int(11) NOT NULL,
  `fee_amount` double DEFAULT NULL,
  `collected_fee_amount` double NOT NULL,
  `created_at` timestamp NOT NULL DEFAULT CURRENT_TIMESTAMP ON UPDATE CURRENT_TIMESTAMP,
  `updated_at` timestamp NOT NULL DEFAULT '0000-00-00 00:00:00',
  `created_by` int(11) NOT NULL,
  `updated_by` int(11) NOT NULL,
  `delete_status` tinyint(1) NOT NULL DEFAULT '1'
) ENGINE=InnoDB DEFAULT CHARSET=latin1;

-- --------------------------------------------------------

--
-- Table structure for table `fee_transaction_head`
--

CREATE TABLE `fee_transaction_head` (
  `fee_trans_id` int(11) NOT NULL,
  `voucher_no` int(11) NOT NULL,
  `branch_id` int(11) NOT NULL,
  `class_name_id` int(11) NOT NULL,
  `session_id` int(11) NOT NULL,
  `section_id` int(11) NOT NULL,
  `std_id` int(11) NOT NULL,
  `std_name` varchar(75) NOT NULL,
  `month` varchar(20) NOT NULL,
  `transaction_date` datetime NOT NULL,
  `total_amount` double NOT NULL,
  `paid_amount` double NOT NULL,
  `remaining` double NOT NULL,
  `collection_date` datetime NOT NULL,
  `status` enum('Paid','Unpaid','Partially Paid','Added to next month') NOT NULL,
  `created_at` timestamp NOT NULL DEFAULT CURRENT_TIMESTAMP ON UPDATE CURRENT_TIMESTAMP,
  `updated_at` timestamp NOT NULL DEFAULT '0000-00-00 00:00:00',
  `created_by` int(11) NOT NULL,
  `updated_by` int(11) NOT NULL,
  `delete_status` tinyint(1) NOT NULL DEFAULT '1'
) ENGINE=InnoDB DEFAULT CHARSET=latin1;

-- --------------------------------------------------------

--
-- Table structure for table `fee_type`
--

CREATE TABLE `fee_type` (
  `fee_type_id` int(11) NOT NULL,
  `fee_type_name` varchar(64) NOT NULL,
  `fee_type_description` varchar(120) NOT NULL,
  `created_at` timestamp NOT NULL DEFAULT CURRENT_TIMESTAMP ON UPDATE CURRENT_TIMESTAMP,
  `updated_at` timestamp NOT NULL DEFAULT '0000-00-00 00:00:00',
  `created_by` int(11) NOT NULL,
  `updated_by` int(11) NOT NULL,
  `delete_status` tinyint(1) NOT NULL DEFAULT '1'
) ENGINE=InnoDB DEFAULT CHARSET=latin1;

--
-- Dumping data for table `fee_type`
--

INSERT INTO `fee_type` (`fee_type_id`, `fee_type_name`, `fee_type_description`, `created_at`, `updated_at`, `created_by`, `updated_by`, `delete_status`) VALUES
(1, 'Admission Fee', 'Student have to pay admission fee only one time', '2018-11-03 06:36:22', '0000-00-00 00:00:00', 1, 0, 1),
(2, 'Tuition Fee', 'Paid on monthly bases', '2018-11-03 06:48:34', '0000-00-00 00:00:00', 1, 0, 1),
(3, 'Absent Fine', 'Absent Fine', '2019-04-09 07:33:52', '2019-04-09 07:33:52', 1, 1, 1),
(4, 'Activity Dues', 'Activity Dues', '2019-04-09 07:33:09', '2019-04-09 07:33:09', 1, 1, 1),
(5, 'Stationary Dues', 'Stationary Dues', '2019-04-09 07:32:21', '2019-04-09 07:32:21', 1, 1, 1),
(6, 'Board/University Fee', 'Board/University Fee', '2019-04-09 07:31:49', '2019-04-09 07:31:49', 1, 1, 1),
(7, 'Exams Fee', 'Examination Fee', '2019-02-28 05:03:40', '0000-00-00 00:00:00', 3, 0, 1),
(8, 'Arrears', 'Previous Pending Dues', '2019-04-09 07:29:28', '2019-04-09 07:29:28', 1, 1, 1);

-- --------------------------------------------------------

--
-- Table structure for table `grades`
--

CREATE TABLE `grades` (
  `grade_id` int(11) NOT NULL,
  `grade_name` varchar(5) NOT NULL,
  `grade_from` int(5) NOT NULL,
  `grade_to` int(5) NOT NULL,
  `created_at` timestamp NOT NULL DEFAULT CURRENT_TIMESTAMP ON UPDATE CURRENT_TIMESTAMP,
  `updated_at` timestamp NOT NULL DEFAULT '0000-00-00 00:00:00',
  `created_by` int(11) NOT NULL,
  `updated_by` int(11) NOT NULL
) ENGINE=InnoDB DEFAULT CHARSET=latin1;

--
-- Dumping data for table `grades`
--

INSERT INTO `grades` (`grade_id`, `grade_name`, `grade_from`, `grade_to`, `created_at`, `updated_at`, `created_by`, `updated_by`) VALUES
(1, 'A+', 80, 100, '2019-04-20 07:28:36', '0000-00-00 00:00:00', 1, 3),
(2, 'A', 70, 79, '2019-04-20 07:28:36', '2019-04-20 07:20:57', 1, 3),
(3, 'B', 60, 69, '2019-04-20 07:28:36', '0000-00-00 00:00:00', 1, 3),
(4, 'C', 50, 59, '2019-04-20 07:28:36', '0000-00-00 00:00:00', 1, 3),
(5, 'D', 40, 49, '2019-04-20 07:28:36', '0000-00-00 00:00:00', 1, 3),
(6, 'F', 33, 39, '2019-04-20 07:28:36', '0000-00-00 00:00:00', 1, 3),
(7, 'Fail', 1, 32, '2019-04-20 07:28:37', '2019-04-20 07:20:34', 1, 3);

-- --------------------------------------------------------

--
-- Table structure for table `installment`
--

CREATE TABLE `installment` (
  `installment_id` int(11) NOT NULL,
  `installment_name` varchar(20) NOT NULL
) ENGINE=InnoDB DEFAULT CHARSET=latin1;

--
-- Dumping data for table `installment`
--

INSERT INTO `installment` (`installment_id`, `installment_name`) VALUES
(1, '1st Installment'),
(2, '2nd Installment'),
(3, '3rd Installment'),
(4, '4th Installment'),
(5, '5th Installment'),
(6, '6th Installment');

-- --------------------------------------------------------

--
-- Table structure for table `institute`
--

CREATE TABLE `institute` (
  `institute_id` int(11) NOT NULL,
  `institute_name` varchar(65) NOT NULL,
  `institute_logo` varchar(200) NOT NULL,
  `institute_account_no` varchar(100) NOT NULL,
  `created_at` timestamp NOT NULL DEFAULT CURRENT_TIMESTAMP ON UPDATE CURRENT_TIMESTAMP,
  `updated_at` timestamp NOT NULL DEFAULT '0000-00-00 00:00:00',
  `created_by` int(11) NOT NULL,
  `updated_by` int(11) NOT NULL,
  `delete_status` tinyint(1) NOT NULL DEFAULT '1'
) ENGINE=InnoDB DEFAULT CHARSET=latin1;

--
-- Dumping data for table `institute`
--

INSERT INTO `institute` (`institute_id`, `institute_name`, `institute_logo`, `institute_account_no`, `created_at`, `updated_at`, `created_by`, `updated_by`, `delete_status`) VALUES
(2, 'ABC Learning School', 'uploads/ABC Learning School_photo.jpg', 'xyz, RYK', '2019-05-02 18:09:01', '2019-05-02 18:09:01', 1, 1, 1);

-- --------------------------------------------------------

--
-- Table structure for table `institute_name`
--

CREATE TABLE `institute_name` (
  `Institute_name_id` int(11) NOT NULL,
  `Institute_name` varchar(100) NOT NULL,
  `Institutte_address` varchar(120) NOT NULL,
  `Institute_contact_no` varchar(12) NOT NULL,
  `head_name` varchar(20) NOT NULL,
  `created_by` int(11) NOT NULL,
  `updated_by` int(11) NOT NULL,
  `created_at` timestamp NOT NULL DEFAULT CURRENT_TIMESTAMP ON UPDATE CURRENT_TIMESTAMP,
  `updated_at` timestamp NOT NULL DEFAULT '0000-00-00 00:00:00'
) ENGINE=InnoDB DEFAULT CHARSET=latin1;

-- --------------------------------------------------------

--
-- Table structure for table `marks_details`
--

CREATE TABLE `marks_details` (
  `marks_detail_id` int(11) NOT NULL,
  `marks_head_id` int(11) NOT NULL,
  `subject_id` int(11) NOT NULL,
  `obtained_marks` varchar(20) NOT NULL,
  `created_by` int(11) NOT NULL,
  `updated_by` int(11) NOT NULL,
  `created_at` timestamp NOT NULL DEFAULT CURRENT_TIMESTAMP ON UPDATE CURRENT_TIMESTAMP,
  `updated_at` timestamp NOT NULL DEFAULT '0000-00-00 00:00:00'
) ENGINE=InnoDB DEFAULT CHARSET=latin1;

--
-- Dumping data for table `marks_details`
--

INSERT INTO `marks_details` (`marks_detail_id`, `marks_head_id`, `subject_id`, `obtained_marks`, `created_by`, `updated_by`, `created_at`, `updated_at`) VALUES
(7, 1, 4, '80', 68, 0, '2019-04-18 15:10:21', '0000-00-00 00:00:00'),
(8, 2, 4, '90', 68, 0, '2019-04-18 15:10:22', '0000-00-00 00:00:00'),
(9, 3, 4, 'A', 68, 3, '2019-04-18 15:13:13', '2019-04-18 15:13:13');

-- --------------------------------------------------------

--
-- Table structure for table `marks_head`
--

CREATE TABLE `marks_head` (
  `marks_head_id` int(11) NOT NULL,
  `exam_criteria_id` int(11) NOT NULL,
  `std_id` int(11) NOT NULL,
  `grand_total` double NOT NULL,
  `percentage` varchar(10) NOT NULL,
  `grade` varchar(3) NOT NULL,
  `exam_status` varchar(6) NOT NULL,
  `created_by` int(11) NOT NULL,
  `updated_by` int(11) NOT NULL,
  `created_at` timestamp NOT NULL DEFAULT CURRENT_TIMESTAMP ON UPDATE CURRENT_TIMESTAMP,
  `updated_at` timestamp NOT NULL DEFAULT '0000-00-00 00:00:00'
) ENGINE=InnoDB DEFAULT CHARSET=latin1;

--
-- Dumping data for table `marks_head`
--

INSERT INTO `marks_head` (`marks_head_id`, `exam_criteria_id`, `std_id`, `grand_total`, `percentage`, `grade`, `exam_status`, `created_by`, `updated_by`, `created_at`, `updated_at`) VALUES
(1, 1, 5, 0, '', '', '', 68, 0, '2019-04-13 06:48:20', '0000-00-00 00:00:00'),
(2, 1, 8, 0, '', '', '', 68, 0, '2019-04-13 06:48:20', '0000-00-00 00:00:00'),
(3, 1, 18, 0, '', '', '', 68, 0, '2019-04-13 06:48:21', '0000-00-00 00:00:00');

-- --------------------------------------------------------

--
-- Table structure for table `marks_weightage_details`
--

CREATE TABLE `marks_weightage_details` (
  `weightage_detail_id` int(11) NOT NULL,
  `weightage_head_id` int(11) NOT NULL,
  `weightage_type_id` int(11) NOT NULL,
  `marks` float NOT NULL,
  `created_at` timestamp NOT NULL DEFAULT CURRENT_TIMESTAMP ON UPDATE CURRENT_TIMESTAMP,
  `updated_at` timestamp NOT NULL DEFAULT '0000-00-00 00:00:00',
  `created_by` int(11) NOT NULL,
  `updated_by` int(11) NOT NULL
) ENGINE=InnoDB DEFAULT CHARSET=latin1;

--
-- Dumping data for table `marks_weightage_details`
--

INSERT INTO `marks_weightage_details` (`weightage_detail_id`, `weightage_head_id`, `weightage_type_id`, `marks`, `created_at`, `updated_at`, `created_by`, `updated_by`) VALUES
(1, 1, 1, 5, '2019-04-23 09:11:35', '0000-00-00 00:00:00', 1, 0),
(2, 1, 2, 5, '2019-04-23 09:11:35', '0000-00-00 00:00:00', 1, 0),
(3, 1, 3, 5, '2019-04-23 09:11:35', '0000-00-00 00:00:00', 1, 0),
(4, 1, 4, 5, '2019-04-23 09:11:35', '0000-00-00 00:00:00', 1, 0),
(5, 1, 6, 80, '2019-04-23 09:11:35', '0000-00-00 00:00:00', 1, 0),
(6, 2, 1, 5, '2019-04-23 12:26:23', '0000-00-00 00:00:00', 1, 0),
(7, 2, 2, 5, '2019-04-23 12:26:23', '0000-00-00 00:00:00', 1, 0),
(8, 2, 3, 5, '2019-04-23 12:26:23', '0000-00-00 00:00:00', 1, 0),
(9, 2, 4, 5, '2019-04-23 12:26:23', '0000-00-00 00:00:00', 1, 0),
(10, 2, 6, 80, '2019-04-23 12:26:23', '0000-00-00 00:00:00', 1, 0);

-- --------------------------------------------------------

--
-- Table structure for table `marks_weightage_head`
--

CREATE TABLE `marks_weightage_head` (
  `marks_weightage_id` int(11) NOT NULL,
  `exam_category_id` int(11) NOT NULL,
  `class_id` int(11) NOT NULL,
  `subjects_id` int(11) NOT NULL,
  `created_at` timestamp NOT NULL DEFAULT CURRENT_TIMESTAMP ON UPDATE CURRENT_TIMESTAMP,
  `updated_at` timestamp NOT NULL DEFAULT '0000-00-00 00:00:00',
  `created_by` int(11) NOT NULL,
  `updated_by` int(11) NOT NULL
) ENGINE=InnoDB DEFAULT CHARSET=latin1;

--
-- Dumping data for table `marks_weightage_head`
--

INSERT INTO `marks_weightage_head` (`marks_weightage_id`, `exam_category_id`, `class_id`, `subjects_id`, `created_at`, `updated_at`, `created_by`, `updated_by`) VALUES
(1, 5, 4, 1, '2019-04-23 11:30:11', '0000-00-00 00:00:00', 1, 0),
(2, 5, 4, 2, '2019-04-23 12:26:23', '0000-00-00 00:00:00', 1, 0);

-- --------------------------------------------------------

--
-- Table structure for table `marks_weightage_type`
--

CREATE TABLE `marks_weightage_type` (
  `weightage_type_id` int(11) NOT NULL,
  `weightage_type_name` varchar(30) NOT NULL,
  `weightage_type_description` varchar(100) NOT NULL,
  `created_at` timestamp NOT NULL DEFAULT CURRENT_TIMESTAMP ON UPDATE CURRENT_TIMESTAMP,
  `updated_at` timestamp NOT NULL DEFAULT '0000-00-00 00:00:00',
  `created_by` int(11) NOT NULL,
  `updated_by` int(11) NOT NULL
) ENGINE=InnoDB DEFAULT CHARSET=latin1;

--
-- Dumping data for table `marks_weightage_type`
--

INSERT INTO `marks_weightage_type` (`weightage_type_id`, `weightage_type_name`, `weightage_type_description`, `created_at`, `updated_at`, `created_by`, `updated_by`) VALUES
(1, 'Attendance', '', '2019-04-22 06:55:40', '0000-00-00 00:00:00', 3, 0),
(2, 'Assignment', '', '2019-04-22 06:55:55', '0000-00-00 00:00:00', 3, 0),
(3, 'Presentation', '', '2019-04-22 06:56:08', '0000-00-00 00:00:00', 3, 0),
(4, 'Dressing', '', '2019-04-22 06:56:16', '0000-00-00 00:00:00', 3, 0),
(5, 'Behaviour', '', '2019-04-22 06:56:27', '0000-00-00 00:00:00', 3, 0),
(6, 'Theory', '', '2019-04-22 06:56:37', '0000-00-00 00:00:00', 3, 0),
(7, 'Practical', '', '2019-04-22 06:57:06', '0000-00-00 00:00:00', 3, 0);

-- --------------------------------------------------------

--
-- Table structure for table `migration`
--

CREATE TABLE `migration` (
  `version` varchar(180) NOT NULL,
  `apply_time` int(11) DEFAULT NULL
) ENGINE=InnoDB DEFAULT CHARSET=latin1;

--
-- Dumping data for table `migration`
--

INSERT INTO `migration` (`version`, `apply_time`) VALUES
('m000000_000000_base', 1538846625),
('m130524_201442_init', 1538846629);

-- --------------------------------------------------------

--
-- Table structure for table `msg_of_day`
--

CREATE TABLE `msg_of_day` (
  `msg_of_day_id` int(11) NOT NULL,
  `msg_details` varchar(100) NOT NULL,
  `msg_user_type` enum('Students','Parents','Employees','Others') NOT NULL,
  `created_at` datetime NOT NULL,
  `created_by` int(11) NOT NULL,
  `updated_at` datetime DEFAULT NULL,
  `updated_by` int(11) DEFAULT NULL,
  `is_status` enum('Active','Inactive') NOT NULL,
  `delete_status` tinyint(1) NOT NULL DEFAULT '1'
) ENGINE=InnoDB DEFAULT CHARSET=utf8;

--
-- Dumping data for table `msg_of_day`
--

INSERT INTO `msg_of_day` (`msg_of_day_id`, `msg_details`, `msg_user_type`, `created_at`, `created_by`, `updated_at`, `updated_by`, `is_status`, `delete_status`) VALUES
(1, 'Each Day is a GIFT don\'t send it BACK unopened.  Have a nice Day !', 'Students', '2015-05-27 15:21:01', 1, NULL, NULL, 'Active', 1),
(2, 'Every day may not be GOOD but there is something GOOD in every day.', 'Parents', '2015-05-27 15:21:22', 1, NULL, NULL, 'Active', 1),
(3, 'Every ONE wants happiness, No ONE needs pain, But its not possible to get a rainbow.', 'Employees', '2015-05-27 15:21:41', 1, NULL, NULL, 'Active', 1),
(4, 'Smile is the Electricity and Life is a Battery whenever you Smile the Battery gets Charges.', 'Students', '2015-05-27 15:21:59', 1, '2018-12-26 18:11:26', 1, 'Active', 1),
(5, 'The Best for the Group comes when everyone in the group does whats best for himself AND the group.', 'Students', '2015-05-27 15:22:20', 1, NULL, NULL, 'Active', 1),
(6, 'In life, as in football, you won\'t go far unless you know where the goalposts are.-- Arnold Glasow', 'Students', '2015-05-27 15:24:54', 1, '2018-12-26 18:11:18', 1, 'Active', 1);

-- --------------------------------------------------------

--
-- Table structure for table `notice`
--

CREATE TABLE `notice` (
  `notice_id` int(11) NOT NULL,
  `notice_title` varchar(25) NOT NULL,
  `notice_description` text,
  `notice_start` datetime NOT NULL,
  `notice_end` datetime NOT NULL,
  `notice_user_type` enum('Students','Parents','Employees','Others') NOT NULL,
  `created_at` datetime NOT NULL,
  `created_by` int(11) NOT NULL,
  `updated_at` datetime DEFAULT NULL,
  `updated_by` int(11) DEFAULT NULL,
  `is_status` enum('Active','Inactive') NOT NULL
) ENGINE=InnoDB DEFAULT CHARSET=utf8;

-- --------------------------------------------------------

--
-- Table structure for table `sms`
--

CREATE TABLE `sms` (
  `sms_id` int(11) NOT NULL,
  `sms_name` varchar(120) NOT NULL,
  `sms_template` text NOT NULL,
  `created_at` timestamp NOT NULL DEFAULT CURRENT_TIMESTAMP ON UPDATE CURRENT_TIMESTAMP,
  `updated_at` timestamp NOT NULL DEFAULT '0000-00-00 00:00:00',
  `created_by` int(11) NOT NULL,
  `updated_by` int(11) NOT NULL,
  `delete_status` tinyint(1) NOT NULL DEFAULT '1'
) ENGINE=InnoDB DEFAULT CHARSET=latin1;

--
-- Dumping data for table `sms`
--

INSERT INTO `sms` (`sms_id`, `sms_name`, `sms_template`, `created_at`, `updated_at`, `created_by`, `updated_by`, `delete_status`) VALUES
(1, 'Absent Message', 'Absent Message', '2019-03-07 08:20:16', '0000-00-00 00:00:00', 3, 0, 1);

-- --------------------------------------------------------

--
-- Table structure for table `std_academic_info`
--

CREATE TABLE `std_academic_info` (
  `academic_id` int(11) NOT NULL,
  `std_id` int(11) NOT NULL,
  `class_name_id` int(11) NOT NULL,
  `subject_combination` int(11) NOT NULL,
  `previous_class` varchar(50) NOT NULL,
  `passing_year` int(32) DEFAULT NULL,
  `previous_class_rollno` int(11) DEFAULT NULL,
  `total_marks` int(11) DEFAULT NULL,
  `obtained_marks` int(11) DEFAULT NULL,
  `grades` varchar(10) NOT NULL,
  `percentage` varchar(5) DEFAULT NULL,
  `Institute` varchar(50) NOT NULL,
  `std_enroll_status` varchar(6) NOT NULL,
  `created_at` timestamp NOT NULL DEFAULT CURRENT_TIMESTAMP ON UPDATE CURRENT_TIMESTAMP,
  `updated_at` timestamp NOT NULL DEFAULT '0000-00-00 00:00:00',
  `created_by` int(11) NOT NULL,
  `updated_by` int(11) NOT NULL,
  `delete_status` tinyint(1) NOT NULL DEFAULT '1'
) ENGINE=InnoDB DEFAULT CHARSET=latin1;

--
-- Dumping data for table `std_academic_info`
--

INSERT INTO `std_academic_info` (`academic_id`, `std_id`, `class_name_id`, `subject_combination`, `previous_class`, `passing_year`, `previous_class_rollno`, `total_marks`, `obtained_marks`, `grades`, `percentage`, `Institute`, `std_enroll_status`, `created_at`, `updated_at`, `created_by`, `updated_by`, `delete_status`) VALUES
(1, 1, 8, 12, '4th', NULL, NULL, NULL, NULL, 'F', '', 'National Garrison ', 'unsign', '2019-06-18 11:46:50', '0000-00-00 00:00:00', 1, 0, 1);

-- --------------------------------------------------------

--
-- Table structure for table `std_attendance`
--

CREATE TABLE `std_attendance` (
  `std_attend_id` int(11) NOT NULL,
  `branch_id` int(11) NOT NULL,
  `teacher_id` int(11) NOT NULL,
  `class_name_id` int(11) NOT NULL,
  `session_id` int(11) NOT NULL,
  `section_id` int(11) NOT NULL,
  `subject_id` int(11) NOT NULL,
  `date` datetime NOT NULL,
  `student_id` int(11) NOT NULL,
  `status` varchar(1) NOT NULL
) ENGINE=InnoDB DEFAULT CHARSET=latin1;

-- --------------------------------------------------------

--
-- Table structure for table `std_class_name`
--

CREATE TABLE `std_class_name` (
  `class_name_id` int(11) NOT NULL,
  `branch_id` int(11) NOT NULL,
  `class_type` enum('School','College','University','Mudarassa','Academy') NOT NULL,
  `class_name` varchar(120) NOT NULL,
  `class_name_description` varchar(255) NOT NULL,
  `status` enum('Active','Inactive') NOT NULL,
  `created_at` timestamp NOT NULL DEFAULT CURRENT_TIMESTAMP ON UPDATE CURRENT_TIMESTAMP,
  `updated_at` timestamp NOT NULL DEFAULT '0000-00-00 00:00:00',
  `created_by` int(11) NOT NULL,
  `updated_by` int(11) NOT NULL,
  `delete_status` tinyint(1) NOT NULL DEFAULT '1'
) ENGINE=InnoDB DEFAULT CHARSET=latin1;

--
-- Dumping data for table `std_class_name`
--

INSERT INTO `std_class_name` (`class_name_id`, `branch_id`, `class_type`, `class_name`, `class_name_description`, `status`, `created_at`, `updated_at`, `created_by`, `updated_by`, `delete_status`) VALUES
(1, 5, 'School', 'Pre-Nursery', 'Pre-Nursery', 'Active', '2019-06-18 10:32:30', '2019-06-18 10:32:30', 1, 1, 1),
(2, 5, 'School', 'Nursery', 'Nursery', 'Active', '2019-03-16 01:28:12', '2019-03-16 01:28:12', 1, 1, 1),
(3, 5, 'School', 'KG', 'KG', 'Active', '2019-06-18 10:33:00', '2019-06-18 10:33:00', 1, 1, 1),
(4, 5, 'School', 'One', 'One', 'Active', '2019-03-16 01:28:33', '2019-03-16 01:28:33', 1, 1, 1),
(5, 5, 'School', 'Two', 'Two', 'Active', '2019-03-16 01:28:45', '2019-03-16 01:28:45', 1, 1, 1),
(6, 5, 'School', 'Three', 'Three', 'Active', '2019-03-16 01:28:56', '2019-03-16 01:28:56', 1, 1, 1),
(7, 5, 'School', 'Four', 'Four', 'Active', '2019-03-16 01:29:09', '2019-03-16 01:29:09', 1, 1, 1),
(8, 5, 'School', 'Five', 'Five', 'Active', '2019-06-18 10:44:29', '2019-06-18 10:44:29', 1, 1, 1),
(9, 6, 'School', '6th', '6th', 'Active', '2019-03-18 05:30:32', '2019-03-16 01:29:36', 1, 1, 1),
(11, 6, 'School', '7th', '7th', 'Active', '2019-03-18 05:45:19', '2019-03-18 05:45:19', 1, 1, 1),
(12, 6, 'School', '8th ', '8th ', 'Active', '2019-03-18 05:45:28', '2019-03-18 05:45:28', 3, 1, 1),
(13, 6, 'School', '9th', '9th', 'Active', '2019-03-18 05:45:36', '2019-03-18 05:45:36', 3, 1, 1),
(14, 6, 'School', '10th', '10th', 'Active', '2019-06-18 10:18:04', '2019-06-18 10:18:04', 1, 1, 1),
(16, 5, 'School', 'Play Group', 'Play Group', 'Active', '2019-06-18 10:44:38', '2019-06-18 10:44:38', 4, 1, 0);

-- --------------------------------------------------------

--
-- Table structure for table `std_enrollment_detail`
--

CREATE TABLE `std_enrollment_detail` (
  `std_enroll_detail_id` int(11) NOT NULL,
  `std_enroll_detail_head_id` int(11) NOT NULL,
  `std_reg_no` varchar(15) NOT NULL,
  `std_roll_no` varchar(32) NOT NULL,
  `std_enroll_detail_std_id` int(11) NOT NULL,
  `std_enroll_detail_std_name` varchar(100) NOT NULL,
  `created_at` timestamp NOT NULL DEFAULT CURRENT_TIMESTAMP ON UPDATE CURRENT_TIMESTAMP,
  `updated_at` timestamp NOT NULL DEFAULT '0000-00-00 00:00:00',
  `created_by` int(11) NOT NULL,
  `updated_by` int(11) NOT NULL,
  `delete_status` tinyint(1) NOT NULL DEFAULT '1'
) ENGINE=InnoDB DEFAULT CHARSET=latin1;

-- --------------------------------------------------------

--
-- Table structure for table `std_enrollment_head`
--

CREATE TABLE `std_enrollment_head` (
  `std_enroll_head_id` int(11) NOT NULL,
  `branch_id` int(11) NOT NULL,
  `class_name_id` int(11) NOT NULL,
  `session_id` int(11) NOT NULL,
  `section_id` int(11) NOT NULL,
  `std_enroll_head_name` varchar(255) NOT NULL,
  `created_at` timestamp NOT NULL DEFAULT CURRENT_TIMESTAMP ON UPDATE CURRENT_TIMESTAMP,
  `updated_at` timestamp NOT NULL DEFAULT '0000-00-00 00:00:00',
  `created_by` int(11) NOT NULL,
  `updated_by` int(11) NOT NULL,
  `delete_status` tinyint(1) NOT NULL DEFAULT '1'
) ENGINE=InnoDB DEFAULT CHARSET=latin1;

-- --------------------------------------------------------

--
-- Table structure for table `std_fee_details`
--

CREATE TABLE `std_fee_details` (
  `fee_id` int(11) NOT NULL,
  `std_id` int(11) NOT NULL,
  `admission_fee` double NOT NULL,
  `addmission_fee_discount` int(11) NOT NULL,
  `net_addmission_fee` double NOT NULL,
  `concession_id` int(11) NOT NULL,
  `tuition_fee` double NOT NULL,
  `created_at` timestamp NOT NULL DEFAULT CURRENT_TIMESTAMP ON UPDATE CURRENT_TIMESTAMP,
  `updated_at` timestamp NOT NULL DEFAULT '0000-00-00 00:00:00',
  `created_by` int(11) NOT NULL,
  `updated_by` int(11) NOT NULL,
  `delete_status` tinyint(1) NOT NULL DEFAULT '1'
) ENGINE=InnoDB DEFAULT CHARSET=latin1;

--
-- Dumping data for table `std_fee_details`
--

INSERT INTO `std_fee_details` (`fee_id`, `std_id`, `admission_fee`, `addmission_fee_discount`, `net_addmission_fee`, `concession_id`, `tuition_fee`, `created_at`, `updated_at`, `created_by`, `updated_by`, `delete_status`) VALUES
(1, 1, 5000, 5000, 0, 100, 1900, '2019-06-18 11:46:50', '0000-00-00 00:00:00', 1, 0, 1);

-- --------------------------------------------------------

--
-- Table structure for table `std_fee_installments`
--

CREATE TABLE `std_fee_installments` (
  `fee_installment_id` int(11) NOT NULL,
  `std_fee_id` int(11) NOT NULL,
  `installment_no` int(11) NOT NULL,
  `installment_amount` double NOT NULL,
  `created_at` timestamp NOT NULL DEFAULT CURRENT_TIMESTAMP ON UPDATE CURRENT_TIMESTAMP,
  `updated_at` timestamp NOT NULL DEFAULT '0000-00-00 00:00:00',
  `created_by` int(11) NOT NULL,
  `updated_by` int(11) NOT NULL
) ENGINE=InnoDB DEFAULT CHARSET=latin1;

-- --------------------------------------------------------

--
-- Table structure for table `std_fee_pkg`
--

CREATE TABLE `std_fee_pkg` (
  `std_fee_id` int(11) NOT NULL,
  `session_id` int(11) NOT NULL,
  `class_id` int(11) NOT NULL,
  `admission_fee` double NOT NULL,
  `tutuion_fee` double DEFAULT NULL,
  `created_at` timestamp NOT NULL DEFAULT CURRENT_TIMESTAMP ON UPDATE CURRENT_TIMESTAMP,
  `created_by` int(11) NOT NULL,
  `updated_at` timestamp NOT NULL DEFAULT '0000-00-00 00:00:00',
  `updated_by` int(11) NOT NULL,
  `delete_status` tinyint(1) NOT NULL DEFAULT '1'
) ENGINE=InnoDB DEFAULT CHARSET=latin1;

--
-- Dumping data for table `std_fee_pkg`
--

INSERT INTO `std_fee_pkg` (`std_fee_id`, `session_id`, `class_id`, `admission_fee`, `tutuion_fee`, `created_at`, `created_by`, `updated_at`, `updated_by`, `delete_status`) VALUES
(1, 1, 1, 5000, 2000, '2019-06-18 10:54:46', 1, '0000-00-00 00:00:00', 0, 1),
(2, 1, 2, 5000, 2000, '2019-06-18 10:55:03', 1, '0000-00-00 00:00:00', 0, 1),
(3, 1, 3, 5000, 2000, '2019-06-18 10:55:20', 1, '0000-00-00 00:00:00', 0, 1),
(4, 1, 4, 5000, 2000, '2019-06-18 10:55:54', 1, '0000-00-00 00:00:00', 0, 1),
(5, 1, 5, 5000, 2000, '2019-06-18 10:56:06', 1, '0000-00-00 00:00:00', 0, 1),
(6, 1, 6, 5000, 2000, '2019-06-18 10:56:18', 1, '0000-00-00 00:00:00', 0, 1),
(7, 1, 7, 5000, 2000, '2019-06-18 10:56:31', 1, '0000-00-00 00:00:00', 0, 1),
(8, 1, 8, 5000, 2000, '2019-06-18 10:56:58', 1, '0000-00-00 00:00:00', 0, 1);

-- --------------------------------------------------------

--
-- Table structure for table `std_guardian_info`
--

CREATE TABLE `std_guardian_info` (
  `std_guardian_info_id` int(11) NOT NULL,
  `std_id` int(11) NOT NULL,
  `guardian_name` varchar(50) NOT NULL,
  `guardian_relation` varchar(50) NOT NULL,
  `guardian_cnic` varchar(15) NOT NULL,
  `guardian_email` varchar(84) NOT NULL,
  `guardian_contact_no_1` varchar(15) NOT NULL,
  `guardian_contact_no_2` varchar(15) NOT NULL,
  `guardian_monthly_income` int(11) DEFAULT NULL,
  `guardian_occupation` varchar(50) NOT NULL,
  `guardian_designation` varchar(100) NOT NULL,
  `guardian_password` varchar(20) NOT NULL,
  `created_at` timestamp NOT NULL DEFAULT CURRENT_TIMESTAMP ON UPDATE CURRENT_TIMESTAMP,
  `updated_at` timestamp NOT NULL DEFAULT '0000-00-00 00:00:00',
  `created_by` int(11) NOT NULL,
  `updated_by` int(11) NOT NULL,
  `delete_status` tinyint(1) NOT NULL DEFAULT '1'
) ENGINE=InnoDB DEFAULT CHARSET=latin1;

--
-- Dumping data for table `std_guardian_info`
--

INSERT INTO `std_guardian_info` (`std_guardian_info_id`, `std_id`, `guardian_name`, `guardian_relation`, `guardian_cnic`, `guardian_email`, `guardian_contact_no_1`, `guardian_contact_no_2`, `guardian_monthly_income`, `guardian_occupation`, `guardian_designation`, `guardian_password`, `created_at`, `updated_at`, `created_by`, `updated_by`, `delete_status`) VALUES
(1, 1, 'Rana Naveed', 'Father', '31303-3335546-6', 'rananaveedadocate@gmail.com', '+92-300-8770164', '+03-333-3454848', 50000, 'Advocate', 'Lawyer High Court', '6633', '2019-06-18 11:46:49', '0000-00-00 00:00:00', 1, 0, 1);

-- --------------------------------------------------------

--
-- Table structure for table `std_ice_info`
--

CREATE TABLE `std_ice_info` (
  `std_ice_id` int(11) NOT NULL,
  `std_id` int(11) NOT NULL,
  `std_ice_name` varchar(64) NOT NULL,
  `std_ice_relation` varchar(64) NOT NULL,
  `std_ice_contact_no` varchar(15) NOT NULL,
  `std_ice_address` varchar(100) NOT NULL,
  `created_at` timestamp NOT NULL DEFAULT CURRENT_TIMESTAMP ON UPDATE CURRENT_TIMESTAMP,
  `created_by` int(11) NOT NULL,
  `updated_at` timestamp NOT NULL DEFAULT '0000-00-00 00:00:00',
  `updated_by` int(11) NOT NULL,
  `delete_status` tinyint(1) NOT NULL DEFAULT '1'
) ENGINE=InnoDB DEFAULT CHARSET=latin1;

--
-- Dumping data for table `std_ice_info`
--

INSERT INTO `std_ice_info` (`std_ice_id`, `std_id`, `std_ice_name`, `std_ice_relation`, `std_ice_contact_no`, `std_ice_address`, `created_at`, `created_by`, `updated_at`, `updated_by`, `delete_status`) VALUES
(1, 1, 'Rana Naveed', 'Father', '+92-300-5446464', 'Gulshan.e.Nasir', '2019-06-18 11:46:50', 1, '0000-00-00 00:00:00', 0, 1);

-- --------------------------------------------------------

--
-- Table structure for table `std_inquiry`
--

CREATE TABLE `std_inquiry` (
  `std_inquiry_id` int(11) NOT NULL,
  `branch_id` int(11) NOT NULL,
  `std_inquiry_no` varchar(15) NOT NULL,
  `inquiry_session` varchar(20) NOT NULL,
  `std_name` varchar(32) NOT NULL,
  `std_father_name` varchar(32) NOT NULL,
  `gender` enum('Female','Male') NOT NULL,
  `std_contact_no` varchar(15) NOT NULL,
  `std_father_contact_no` varchar(15) NOT NULL,
  `std_inquiry_date` date NOT NULL,
  `std_intrested_class` varchar(50) NOT NULL,
  `std_previous_class` varchar(32) NOT NULL,
  `previous_institute` varchar(120) NOT NULL,
  `std_roll_no` varchar(10) NOT NULL,
  `std_obtained_marks` int(4) NOT NULL,
  `std_total_marks` int(4) NOT NULL,
  `std_percentage` varchar(6) NOT NULL,
  `refrence_name` varchar(32) NOT NULL,
  `refrence_contact_no` varchar(15) NOT NULL,
  `refrence_designation` varchar(30) NOT NULL,
  `std_address` varchar(200) NOT NULL,
  `comment` varchar(255) NOT NULL,
  `inquiry_status` enum('Inquiry','Registered') NOT NULL,
  `created_at` timestamp NOT NULL DEFAULT CURRENT_TIMESTAMP ON UPDATE CURRENT_TIMESTAMP,
  `updated_at` timestamp NOT NULL DEFAULT '0000-00-00 00:00:00',
  `created_by` int(11) NOT NULL,
  `updated_by` int(11) NOT NULL
) ENGINE=InnoDB DEFAULT CHARSET=latin1;

-- --------------------------------------------------------

--
-- Table structure for table `std_personal_info`
--

CREATE TABLE `std_personal_info` (
  `std_id` int(11) NOT NULL,
  `branch_id` int(11) NOT NULL,
  `std_reg_no` varchar(50) NOT NULL,
  `std_name` varchar(50) NOT NULL,
  `std_father_name` varchar(50) NOT NULL,
  `std_contact_no` varchar(15) NOT NULL,
  `std_DOB` date NOT NULL,
  `std_gender` enum('Male','Female') NOT NULL,
  `std_permanent_address` varchar(255) NOT NULL,
  `std_temporary_address` varchar(255) NOT NULL,
  `std_email` varchar(84) NOT NULL,
  `std_photo` varchar(200) NOT NULL,
  `std_b_form` varchar(255) NOT NULL,
  `std_district` varchar(50) NOT NULL,
  `std_religion` varchar(50) NOT NULL,
  `std_nationality` varchar(50) NOT NULL,
  `std_tehseel` varchar(50) NOT NULL,
  `std_password` varchar(20) NOT NULL,
  `status` enum('Active','Inactive') NOT NULL,
  `academic_status` enum('Active','Promote','Left','Struck off') NOT NULL,
  `barcode` longblob NOT NULL,
  `created_at` timestamp NOT NULL DEFAULT CURRENT_TIMESTAMP ON UPDATE CURRENT_TIMESTAMP,
  `updated_at` timestamp NOT NULL DEFAULT '0000-00-00 00:00:00',
  `created_by` int(11) NOT NULL,
  `updated_by` int(11) NOT NULL,
  `delete_status` tinyint(1) NOT NULL DEFAULT '1'
) ENGINE=InnoDB DEFAULT CHARSET=latin1;

--
-- Dumping data for table `std_personal_info`
--

INSERT INTO `std_personal_info` (`std_id`, `branch_id`, `std_reg_no`, `std_name`, `std_father_name`, `std_contact_no`, `std_DOB`, `std_gender`, `std_permanent_address`, `std_temporary_address`, `std_email`, `std_photo`, `std_b_form`, `std_district`, `std_religion`, `std_nationality`, `std_tehseel`, `std_password`, `status`, `academic_status`, `barcode`, `created_at`, `updated_at`, `created_by`, `updated_by`, `delete_status`) VALUES
(1, 5, 'STD-REG-Y19-01', 'Rana Faraz', 'Rana Naveed', '+92-300-6999824', '2000-01-01', 'Male', 'RYK', 'RYK', 'ranafarazahmed@gmail.com', 'uploads/std_default.jpg', '31303-3333335-5', 'Rahim Yar Khan ', 'Islam', 'Pakistani', 'Rahim Yar Khan', '6754', 'Active', 'Active', '', '2019-06-18 11:46:48', '0000-00-00 00:00:00', 1, 0, 1);

-- --------------------------------------------------------

--
-- Table structure for table `std_sections`
--

CREATE TABLE `std_sections` (
  `section_id` int(11) NOT NULL,
  `class_id` int(11) NOT NULL,
  `branch_id` int(11) NOT NULL,
  `session_id` int(11) NOT NULL,
  `section_name` varchar(50) NOT NULL,
  `section_description` varchar(100) NOT NULL,
  `section_intake` int(11) NOT NULL,
  `created_at` timestamp NOT NULL DEFAULT CURRENT_TIMESTAMP ON UPDATE CURRENT_TIMESTAMP,
  `updated_at` timestamp NOT NULL DEFAULT '0000-00-00 00:00:00',
  `created_by` int(11) NOT NULL,
  `updated_by` int(11) NOT NULL,
  `delete_status` tinyint(1) NOT NULL DEFAULT '1'
) ENGINE=InnoDB DEFAULT CHARSET=latin1;

--
-- Dumping data for table `std_sections`
--

INSERT INTO `std_sections` (`section_id`, `class_id`, `branch_id`, `session_id`, `section_name`, `section_description`, `section_intake`, `created_at`, `updated_at`, `created_by`, `updated_by`, `delete_status`) VALUES
(1, 1, 5, 1, 'A', 'A', 30, '2019-06-18 10:48:35', '0000-00-00 00:00:00', 1, 0, 1),
(2, 2, 5, 1, 'A', 'A', 30, '2019-06-18 10:49:00', '0000-00-00 00:00:00', 1, 0, 1),
(3, 3, 5, 1, 'A', 'A', 35, '2019-06-18 10:49:15', '0000-00-00 00:00:00', 1, 0, 1),
(4, 4, 5, 1, 'Blue', 'Blue', 30, '2019-06-18 10:49:35', '0000-00-00 00:00:00', 1, 0, 1),
(5, 4, 5, 1, 'Red', 'Red', 30, '2019-06-18 10:49:54', '0000-00-00 00:00:00', 1, 0, 1);

-- --------------------------------------------------------

--
-- Table structure for table `std_sessions`
--

CREATE TABLE `std_sessions` (
  `session_id` int(11) NOT NULL,
  `session_branch_id` int(11) NOT NULL,
  `session_name` varchar(32) NOT NULL,
  `session_start_date` date NOT NULL,
  `session_end_date` date NOT NULL,
  `status` enum('Active','Inactive') NOT NULL,
  `installment_cycle` int(11) NOT NULL,
  `created_at` timestamp NOT NULL DEFAULT CURRENT_TIMESTAMP ON UPDATE CURRENT_TIMESTAMP,
  `updated_at` timestamp NOT NULL DEFAULT '0000-00-00 00:00:00',
  `created_by` int(11) NOT NULL,
  `updated_by` int(11) NOT NULL,
  `delete_status` tinyint(1) NOT NULL DEFAULT '1'
) ENGINE=InnoDB DEFAULT CHARSET=latin1;

--
-- Dumping data for table `std_sessions`
--

INSERT INTO `std_sessions` (`session_id`, `session_branch_id`, `session_name`, `session_start_date`, `session_end_date`, `status`, `installment_cycle`, `created_at`, `updated_at`, `created_by`, `updated_by`, `delete_status`) VALUES
(1, 5, '2019-2020', '2019-01-01', '2019-12-31', 'Active', 0, '2019-06-18 10:08:22', '0000-00-00 00:00:00', 1, 0, 1);

-- --------------------------------------------------------

--
-- Table structure for table `std_subjects`
--

CREATE TABLE `std_subjects` (
  `std_subject_id` int(11) NOT NULL,
  `class_id` int(11) NOT NULL,
  `std_subject_name` varchar(200) NOT NULL
) ENGINE=InnoDB DEFAULT CHARSET=latin1;

--
-- Dumping data for table `std_subjects`
--

INSERT INTO `std_subjects` (`std_subject_id`, `class_id`, `std_subject_name`) VALUES
(1, 13, 'Biology,Chemistry,Physics,English A,English B,Urdu A,Urdu B,Islamiat'),
(2, 14, 'Biology,Chemistry,Physics,English A,English B,Urdu A,Urdu B,Pak-Studies'),
(3, 13, 'Computer,Chemistry,Physics,English A,English B,Urdu A,Urdu B,Islamiat'),
(4, 14, 'Computer,Chemistry,Physics,English A,English B,Urdu A,Urdu B,Pak-Studies'),
(5, 1, 'Math,English A,Urdu A,Computer,Pak-Studies,Drawing'),
(6, 2, 'Math,English A,Urdu A,Islamiat'),
(7, 3, 'Math,English A,Urdu A,Islamiat'),
(8, 4, 'Math,English A,Urdu A,Islamiat'),
(9, 5, 'Math,English A,Urdu A,Islamiat'),
(10, 6, 'Math,English A,Urdu A,Islamiat'),
(11, 7, 'Math,English A,Urdu A,Islamiat'),
(12, 8, 'Math,English A,Urdu A,Islamiat'),
(13, 9, 'Math,English A,Urdu A,Islamiat'),
(14, 11, 'Math,English A,Urdu A,Islamiat'),
(15, 12, 'Math,English A,Urdu A,Islamiat');

-- --------------------------------------------------------

--
-- Table structure for table `subjects`
--

CREATE TABLE `subjects` (
  `subject_id` int(11) NOT NULL,
  `subject_name` varchar(32) NOT NULL,
  `subject_alias` varchar(10) NOT NULL,
  `subject_description` varchar(100) NOT NULL,
  `created_at` timestamp NOT NULL DEFAULT CURRENT_TIMESTAMP ON UPDATE CURRENT_TIMESTAMP,
  `updated_at` timestamp NOT NULL DEFAULT '0000-00-00 00:00:00',
  `created_by` int(11) NOT NULL,
  `updated_by` int(11) NOT NULL,
  `delete_status` tinyint(1) NOT NULL DEFAULT '1'
) ENGINE=InnoDB DEFAULT CHARSET=latin1;

--
-- Dumping data for table `subjects`
--

INSERT INTO `subjects` (`subject_id`, `subject_name`, `subject_alias`, `subject_description`, `created_at`, `updated_at`, `created_by`, `updated_by`, `delete_status`) VALUES
(1, 'Math', 'M', 'Math', '2019-04-20 07:54:14', '0000-00-00 00:00:00', 1, 0, 1),
(2, 'English A', 'Ea', 'English A', '2019-04-20 07:54:14', '0000-00-00 00:00:00', 1, 0, 1),
(3, 'English B', 'Eb', 'English B', '2019-04-20 07:54:14', '0000-00-00 00:00:00', 1, 0, 1),
(4, 'Urdu A', 'Ua', 'Urdu A', '2019-04-20 07:54:14', '0000-00-00 00:00:00', 1, 0, 1),
(5, 'Urdu B', 'Ub', 'Urdu B', '2019-04-20 07:54:14', '0000-00-00 00:00:00', 1, 0, 1),
(6, 'Science', 'S', 'Science', '2019-04-20 07:54:14', '0000-00-00 00:00:00', 1, 0, 1),
(7, 'Pak-Studies', 'Ps', 'History / Pak-Studies', '2019-04-20 07:54:14', '0000-00-00 00:00:00', 1, 0, 1),
(8, 'Computer', 'Cm', 'Computer', '2019-04-20 07:54:14', '0000-00-00 00:00:00', 1, 0, 1),
(9, 'Islamiat', 'I', 'Islamiat', '2019-04-20 07:54:14', '2018-12-31 11:57:46', 1, 1, 0),
(10, 'Drawing', 'D', 'Drawing', '2019-04-18 06:57:07', '0000-00-00 00:00:00', 9, 0, 1),
(11, 'Biology', 'B', 'Biology', '2019-04-20 07:54:15', '0000-00-00 00:00:00', 1, 0, 1),
(12, 'Physics', 'P', 'Physics', '2019-04-20 07:54:15', '0000-00-00 00:00:00', 1, 0, 1),
(13, 'Chemistry', 'Ch', 'Chemistry', '2019-04-20 07:54:15', '0000-00-00 00:00:00', 1, 0, 1),
(14, 'Islamiat (Elective)', 'I(ele)', 'Islamiat (Elective)', '2019-04-20 07:54:15', '0000-00-00 00:00:00', 1, 0, 1);

-- --------------------------------------------------------

--
-- Table structure for table `teacher_subject_assign_detail`
--

CREATE TABLE `teacher_subject_assign_detail` (
  `teacher_subject_assign_detail_id` int(11) NOT NULL,
  `teacher_subject_assign_detail_head_id` int(11) NOT NULL,
  `incharge` tinyint(4) NOT NULL,
  `class_id` int(11) NOT NULL,
  `subject_id` int(11) NOT NULL,
  `no_of_lecture` enum('1 Lecture','2 Lectures','3 Lectures','4 Lectures','5 Lectures','6 Lectures','Full Week') NOT NULL,
  `created_at` timestamp NOT NULL DEFAULT CURRENT_TIMESTAMP ON UPDATE CURRENT_TIMESTAMP,
  `updated_at` timestamp NOT NULL DEFAULT '0000-00-00 00:00:00',
  `created_by` int(11) NOT NULL,
  `updated_by` int(11) NOT NULL,
  `delete_status` tinyint(1) DEFAULT '1'
) ENGINE=InnoDB DEFAULT CHARSET=latin1;

-- --------------------------------------------------------

--
-- Table structure for table `teacher_subject_assign_head`
--

CREATE TABLE `teacher_subject_assign_head` (
  `teacher_subject_assign_head_id` int(11) NOT NULL,
  `teacher_id` int(11) NOT NULL,
  `teacher_subject_assign_head_name` varchar(200) NOT NULL,
  `created_at` timestamp NOT NULL DEFAULT CURRENT_TIMESTAMP ON UPDATE CURRENT_TIMESTAMP,
  `updated_at` timestamp NOT NULL DEFAULT '0000-00-00 00:00:00',
  `created_by` int(11) NOT NULL,
  `updated_by` int(11) NOT NULL,
  `delete_status` tinyint(1) NOT NULL DEFAULT '1'
) ENGINE=InnoDB DEFAULT CHARSET=latin1;

-- --------------------------------------------------------

--
-- Table structure for table `user`
--

CREATE TABLE `user` (
  `id` int(11) NOT NULL,
  `branch_id` int(11) NOT NULL,
  `first_name` varchar(20) COLLATE utf8_unicode_ci NOT NULL,
  `last_name` varchar(20) COLLATE utf8_unicode_ci NOT NULL,
  `username` varchar(255) COLLATE utf8_unicode_ci DEFAULT NULL,
  `email` varchar(100) COLLATE utf8_unicode_ci NOT NULL DEFAULT 'example@gmail.com',
  `user_type` varchar(30) COLLATE utf8_unicode_ci NOT NULL,
  `auth_key` varchar(32) COLLATE utf8_unicode_ci NOT NULL,
  `password_hash` varchar(255) COLLATE utf8_unicode_ci NOT NULL,
  `password_reset_token` varchar(255) COLLATE utf8_unicode_ci DEFAULT NULL,
  `user_photo` varchar(200) COLLATE utf8_unicode_ci NOT NULL,
  `is_block` tinyint(4) NOT NULL DEFAULT '1',
  `status` smallint(6) NOT NULL DEFAULT '10',
  `created_at` int(11) NOT NULL,
  `updated_at` int(11) NOT NULL
) ENGINE=InnoDB DEFAULT CHARSET=utf8 COLLATE=utf8_unicode_ci;

--
-- Dumping data for table `user`
--

INSERT INTO `user` (`id`, `branch_id`, `first_name`, `last_name`, `username`, `email`, `user_type`, `auth_key`, `password_hash`, `password_reset_token`, `user_photo`, `is_block`, `status`, `created_at`, `updated_at`) VALUES
(1, 5, 'Miss', 'Noreen', 'admin1', 'admin1@abcls.edu.pk', 'dexdevs', 'pQEdYTAVV_wLtqIALoSZ-vELIA0mdsOx', '$2y$13$ClHehtUhZZQqsocCsPnEwer2wfQd4gTcpwSOJTkWnvoMD/oFzfCpG', NULL, 'userphotos/dexdevs_photo.png', 1, 10, 1552727256, 1552727256),
(3, 5, 'Super', 'Admin', 'Superadmin', 'superadmin@gmail.com', 'Superadmin', 'xqZuT3vxOiZ-rsN56V6wjZhi7VXMpKnD', '$2y$13$9TnNqeWAHECax0kmKSBzK.tGW/ePQm6IkutslR9ITYIXocjs4nnX.', NULL, 'userphotos/Superadmin_photo.png', 1, 10, 1552883449, 1552883449),
(4, 6, 'Dexterous', 'Developers', 'dexdevsdeveloper', 'admin@dexdevs.com', 'dexdevs2', 'm4vI7EWTZ61_eTBrJf_tliCWdgRfCKzM', '$2y$13$k6pJmBNM4hrkgZh0SYhcC.dZLxMLOjsJtVo55TV4QiVIJ4F6t7lIW', NULL, 'userphotos/dexdevs2_photo.png', 1, 10, 1552894313, 1552894313),
(102, 5, '', '', '31303-7130738-7', 'syedmuzammiljaved@gmail.com', 'Employee', 'b38IZwZ8KEGY-pB3qmXt5Y8KHH0ry_yF', '$2y$13$2oyPumTpUf9Ax.4Xv72BXuEXS99GIOLIPy.iuOqtbt2LwuP9x2.tq', NULL, '0', 1, 10, 1560856624, 1560856624),
(103, 5, '', '', '31303-3333335-5', 'ranafarazahmed@gmail.com', 'Student', 'xWXBIMKQiFDorY2Kz1S7prdjAEBQAdox', '$2y$13$Dxg5FyE0ECty870Qm.DTBO7T9ihsXUOffuEDmaEB4SDBkGcd4Fi0G', NULL, 'uploads/std_default.jpg', 1, 10, 1560858409, 1560858409),
(104, 5, '', '', '31303-3335546-6', 'rananaveedadocate@gmail.com', 'Parent', 'IxlTQ9WbbpHzWGOAeeMgvxngPwPFlFo7', '$2y$13$1haRZQOv4NS2293GDxd.SezhU2df1KKv7yUSgyQPQUJ0wX/pGwVjS', NULL, 'uploads/std_default.jpg', 1, 10, 1560858410, 1560858410);

-- --------------------------------------------------------

--
-- Table structure for table `users`
--

CREATE TABLE `users` (
  `id` int(11) NOT NULL,
  `user_name` varchar(20) NOT NULL
) ENGINE=InnoDB DEFAULT CHARSET=latin1;

--
-- Dumping data for table `users`
--

INSERT INTO `users` (`id`, `user_name`) VALUES
(1, 'Principal'),
(2, 'Admin'),
(3, 'Vice Principal'),
(4, 'Superadmin'),
(5, 'Inquiry Head'),
(6, 'Registrar'),
(7, 'Accountant'),
(8, 'Exams Controller'),
(9, 'Student'),
(10, 'Teacher'),
(11, 'Parent'),
(12, 'Executive');

--
-- Indexes for dumped tables
--

--
-- Indexes for table `account_nature`
--
ALTER TABLE `account_nature`
  ADD PRIMARY KEY (`account_nature_id`);

--
-- Indexes for table `account_register`
--
ALTER TABLE `account_register`
  ADD PRIMARY KEY (`account_register_id`),
  ADD KEY `account_register_account_nature_id` (`account_nature_id`);

--
-- Indexes for table `account_transactions`
--
ALTER TABLE `account_transactions`
  ADD PRIMARY KEY (`trans_id`),
  ADD KEY `trans_head_account_id` (`account_nature`),
  ADD KEY `trans_head_voucher_type_id` (`account_register_id`),
  ADD KEY `branch_id` (`branch_id`);

--
-- Indexes for table `auth_assignment`
--
ALTER TABLE `auth_assignment`
  ADD PRIMARY KEY (`item_name`,`user_id`);

--
-- Indexes for table `auth_item`
--
ALTER TABLE `auth_item`
  ADD PRIMARY KEY (`name`),
  ADD KEY `rule_name` (`rule_name`),
  ADD KEY `type` (`type`);

--
-- Indexes for table `auth_item_child`
--
ALTER TABLE `auth_item_child`
  ADD PRIMARY KEY (`parent`,`child`),
  ADD KEY `child` (`child`);

--
-- Indexes for table `auth_rule`
--
ALTER TABLE `auth_rule`
  ADD PRIMARY KEY (`name`);

--
-- Indexes for table `branches`
--
ALTER TABLE `branches`
  ADD PRIMARY KEY (`branch_id`),
  ADD KEY `institute_id` (`institute_id`);

--
-- Indexes for table `concession`
--
ALTER TABLE `concession`
  ADD PRIMARY KEY (`concession_id`);

--
-- Indexes for table `custom_sms`
--
ALTER TABLE `custom_sms`
  ADD PRIMARY KEY (`id`);

--
-- Indexes for table `departments`
--
ALTER TABLE `departments`
  ADD PRIMARY KEY (`department_id`);

--
-- Indexes for table `designation`
--
ALTER TABLE `designation`
  ADD PRIMARY KEY (`designation_id`);

--
-- Indexes for table `emails`
--
ALTER TABLE `emails`
  ADD PRIMARY KEY (`emial_id`);

--
-- Indexes for table `emp_attendance`
--
ALTER TABLE `emp_attendance`
  ADD PRIMARY KEY (`att_id`),
  ADD KEY `emp_id` (`emp_id`),
  ADD KEY `branch_id` (`branch_id`);

--
-- Indexes for table `emp_departments`
--
ALTER TABLE `emp_departments`
  ADD PRIMARY KEY (`emp_department_id`),
  ADD KEY `emp_id` (`emp_id`),
  ADD KEY `department_id` (`dept_id`);

--
-- Indexes for table `emp_designation`
--
ALTER TABLE `emp_designation`
  ADD PRIMARY KEY (`emp_designation_id`),
  ADD KEY `emp_id` (`emp_id`),
  ADD KEY `designation_id` (`designation_id`),
  ADD KEY `emp_type_id` (`emp_type_id`);

--
-- Indexes for table `emp_documents`
--
ALTER TABLE `emp_documents`
  ADD PRIMARY KEY (`emp_document_id`),
  ADD KEY `emp_info_id` (`emp_info_id`);

--
-- Indexes for table `emp_info`
--
ALTER TABLE `emp_info`
  ADD PRIMARY KEY (`emp_id`),
  ADD KEY `emp_branch_id` (`emp_branch_id`),
  ADD KEY `emp_dept_id` (`emp_dept_id`);

--
-- Indexes for table `emp_leave`
--
ALTER TABLE `emp_leave`
  ADD PRIMARY KEY (`app_id`),
  ADD KEY `emp_id` (`emp_id`),
  ADD KEY `branch_id` (`branch_id`);

--
-- Indexes for table `emp_reference`
--
ALTER TABLE `emp_reference`
  ADD PRIMARY KEY (`emp_ref_id`),
  ADD KEY `emp_id` (`emp_id`);

--
-- Indexes for table `emp_type`
--
ALTER TABLE `emp_type`
  ADD PRIMARY KEY (`emp_type_id`);

--
-- Indexes for table `events`
--
ALTER TABLE `events`
  ADD PRIMARY KEY (`event_id`);

--
-- Indexes for table `exams_category`
--
ALTER TABLE `exams_category`
  ADD PRIMARY KEY (`exam_category_id`);

--
-- Indexes for table `exams_criteria`
--
ALTER TABLE `exams_criteria`
  ADD PRIMARY KEY (`exam_criteria_id`),
  ADD KEY `exam_category_id` (`exam_category_id`,`class_id`),
  ADD KEY `std_enroll_head_id` (`class_id`);

--
-- Indexes for table `exams_schedule`
--
ALTER TABLE `exams_schedule`
  ADD PRIMARY KEY (`exam_schedule_id`),
  ADD KEY `exam_criteria_id` (`exam_criteria_id`,`subject_id`,`emp_id`),
  ADD KEY `subject_id` (`subject_id`),
  ADD KEY `emp_id` (`emp_id`);

--
-- Indexes for table `fee_month_detail`
--
ALTER TABLE `fee_month_detail`
  ADD PRIMARY KEY (`month_detail_id`);

--
-- Indexes for table `fee_transaction_detail`
--
ALTER TABLE `fee_transaction_detail`
  ADD PRIMARY KEY (`fee_trans_detail_id`),
  ADD KEY `fee_trans_detail_head_id` (`fee_trans_detail_head_id`),
  ADD KEY `fee_type_id` (`fee_type_id`);

--
-- Indexes for table `fee_transaction_head`
--
ALTER TABLE `fee_transaction_head`
  ADD PRIMARY KEY (`fee_trans_id`),
  ADD KEY `std_id` (`std_id`),
  ADD KEY `month_id` (`month`),
  ADD KEY `class_name_id` (`class_name_id`),
  ADD KEY `session_id` (`session_id`),
  ADD KEY `section_id` (`section_id`),
  ADD KEY `branch_id` (`branch_id`);

--
-- Indexes for table `fee_type`
--
ALTER TABLE `fee_type`
  ADD PRIMARY KEY (`fee_type_id`);

--
-- Indexes for table `grades`
--
ALTER TABLE `grades`
  ADD PRIMARY KEY (`grade_id`);

--
-- Indexes for table `installment`
--
ALTER TABLE `installment`
  ADD PRIMARY KEY (`installment_id`);

--
-- Indexes for table `institute`
--
ALTER TABLE `institute`
  ADD PRIMARY KEY (`institute_id`);

--
-- Indexes for table `institute_name`
--
ALTER TABLE `institute_name`
  ADD PRIMARY KEY (`Institute_name_id`);

--
-- Indexes for table `marks_details`
--
ALTER TABLE `marks_details`
  ADD PRIMARY KEY (`marks_detail_id`),
  ADD KEY `marks_head_id` (`marks_head_id`),
  ADD KEY `subject_id` (`subject_id`);

--
-- Indexes for table `marks_head`
--
ALTER TABLE `marks_head`
  ADD PRIMARY KEY (`marks_head_id`),
  ADD KEY `std_id` (`std_id`),
  ADD KEY `exam_criteria_id` (`exam_criteria_id`);

--
-- Indexes for table `marks_weightage_details`
--
ALTER TABLE `marks_weightage_details`
  ADD PRIMARY KEY (`weightage_detail_id`),
  ADD KEY `weightage_head_id` (`weightage_head_id`),
  ADD KEY `weightage_type_id` (`weightage_type_id`);

--
-- Indexes for table `marks_weightage_head`
--
ALTER TABLE `marks_weightage_head`
  ADD PRIMARY KEY (`marks_weightage_id`),
  ADD KEY `exam_category_id` (`exam_category_id`),
  ADD KEY `subjects_id` (`subjects_id`),
  ADD KEY `marks_weightage_head_ibfk_2` (`class_id`);

--
-- Indexes for table `marks_weightage_type`
--
ALTER TABLE `marks_weightage_type`
  ADD PRIMARY KEY (`weightage_type_id`);

--
-- Indexes for table `migration`
--
ALTER TABLE `migration`
  ADD PRIMARY KEY (`version`);

--
-- Indexes for table `msg_of_day`
--
ALTER TABLE `msg_of_day`
  ADD PRIMARY KEY (`msg_of_day_id`),
  ADD UNIQUE KEY `msg_details` (`msg_details`),
  ADD KEY `created_by` (`created_by`),
  ADD KEY `updated_by` (`updated_by`);

--
-- Indexes for table `notice`
--
ALTER TABLE `notice`
  ADD PRIMARY KEY (`notice_id`),
  ADD KEY `created_by` (`created_by`),
  ADD KEY `updated_by` (`updated_by`);

--
-- Indexes for table `sms`
--
ALTER TABLE `sms`
  ADD PRIMARY KEY (`sms_id`);

--
-- Indexes for table `std_academic_info`
--
ALTER TABLE `std_academic_info`
  ADD PRIMARY KEY (`academic_id`),
  ADD KEY `std_id` (`std_id`),
  ADD KEY `class_name_id` (`class_name_id`),
  ADD KEY `subject_combination` (`subject_combination`);

--
-- Indexes for table `std_attendance`
--
ALTER TABLE `std_attendance`
  ADD PRIMARY KEY (`std_attend_id`),
  ADD KEY `teacher_id` (`teacher_id`),
  ADD KEY `class_id` (`class_name_id`),
  ADD KEY `student_id` (`student_id`),
  ADD KEY `session_id` (`session_id`),
  ADD KEY `section_id` (`section_id`),
  ADD KEY `subject_id` (`subject_id`),
  ADD KEY `branch_id` (`branch_id`);

--
-- Indexes for table `std_class_name`
--
ALTER TABLE `std_class_name`
  ADD PRIMARY KEY (`class_name_id`),
  ADD KEY `branch_id` (`branch_id`);

--
-- Indexes for table `std_enrollment_detail`
--
ALTER TABLE `std_enrollment_detail`
  ADD PRIMARY KEY (`std_enroll_detail_id`),
  ADD KEY `std_enroll_detail_head_id` (`std_enroll_detail_head_id`),
  ADD KEY `std_enroll_detail_std_id` (`std_enroll_detail_std_id`);

--
-- Indexes for table `std_enrollment_head`
--
ALTER TABLE `std_enrollment_head`
  ADD PRIMARY KEY (`std_enroll_head_id`),
  ADD KEY `class_name_id` (`class_name_id`),
  ADD KEY `session_id` (`session_id`),
  ADD KEY `section_id` (`section_id`),
  ADD KEY `branch_id` (`branch_id`);

--
-- Indexes for table `std_fee_details`
--
ALTER TABLE `std_fee_details`
  ADD PRIMARY KEY (`fee_id`),
  ADD KEY `std_id` (`std_id`);

--
-- Indexes for table `std_fee_installments`
--
ALTER TABLE `std_fee_installments`
  ADD PRIMARY KEY (`fee_installment_id`),
  ADD KEY `std_fee_id` (`std_fee_id`),
  ADD KEY `installment_no` (`installment_no`);

--
-- Indexes for table `std_fee_pkg`
--
ALTER TABLE `std_fee_pkg`
  ADD PRIMARY KEY (`std_fee_id`),
  ADD KEY `session_id` (`session_id`),
  ADD KEY `class_id` (`class_id`);

--
-- Indexes for table `std_guardian_info`
--
ALTER TABLE `std_guardian_info`
  ADD PRIMARY KEY (`std_guardian_info_id`),
  ADD KEY `std_id` (`std_id`);

--
-- Indexes for table `std_ice_info`
--
ALTER TABLE `std_ice_info`
  ADD PRIMARY KEY (`std_ice_id`),
  ADD KEY `std_id` (`std_id`);

--
-- Indexes for table `std_inquiry`
--
ALTER TABLE `std_inquiry`
  ADD PRIMARY KEY (`std_inquiry_id`),
  ADD KEY `branch_id` (`branch_id`);

--
-- Indexes for table `std_personal_info`
--
ALTER TABLE `std_personal_info`
  ADD PRIMARY KEY (`std_id`),
  ADD UNIQUE KEY `std_reg_no` (`std_reg_no`),
  ADD KEY `std_name` (`std_name`),
  ADD KEY `branch_id` (`branch_id`);

--
-- Indexes for table `std_sections`
--
ALTER TABLE `std_sections`
  ADD PRIMARY KEY (`section_id`),
  ADD KEY `session_id` (`session_id`),
  ADD KEY `branch_id` (`branch_id`),
  ADD KEY `class_id` (`class_id`);

--
-- Indexes for table `std_sessions`
--
ALTER TABLE `std_sessions`
  ADD PRIMARY KEY (`session_id`),
  ADD KEY `session_branch_id` (`session_branch_id`);

--
-- Indexes for table `std_subjects`
--
ALTER TABLE `std_subjects`
  ADD PRIMARY KEY (`std_subject_id`),
  ADD KEY `class_id` (`class_id`);

--
-- Indexes for table `subjects`
--
ALTER TABLE `subjects`
  ADD PRIMARY KEY (`subject_id`);

--
-- Indexes for table `teacher_subject_assign_detail`
--
ALTER TABLE `teacher_subject_assign_detail`
  ADD PRIMARY KEY (`teacher_subject_assign_detail_id`),
  ADD KEY `teacher_subject_assign_detail_head_id` (`teacher_subject_assign_detail_head_id`),
  ADD KEY `subject_id` (`subject_id`),
  ADD KEY `class_id` (`class_id`);

--
-- Indexes for table `teacher_subject_assign_head`
--
ALTER TABLE `teacher_subject_assign_head`
  ADD PRIMARY KEY (`teacher_subject_assign_head_id`),
  ADD KEY `teacher_id` (`teacher_id`);

--
-- Indexes for table `user`
--
ALTER TABLE `user`
  ADD PRIMARY KEY (`id`),
  ADD UNIQUE KEY `username` (`username`),
  ADD UNIQUE KEY `password_reset_token` (`password_reset_token`),
  ADD KEY `branch_id` (`branch_id`);

--
-- Indexes for table `users`
--
ALTER TABLE `users`
  ADD PRIMARY KEY (`id`);

--
-- AUTO_INCREMENT for dumped tables
--

--
-- AUTO_INCREMENT for table `account_nature`
--
ALTER TABLE `account_nature`
  MODIFY `account_nature_id` int(11) NOT NULL AUTO_INCREMENT, AUTO_INCREMENT=29;

--
-- AUTO_INCREMENT for table `account_register`
--
ALTER TABLE `account_register`
  MODIFY `account_register_id` int(11) NOT NULL AUTO_INCREMENT, AUTO_INCREMENT=37;

--
-- AUTO_INCREMENT for table `account_transactions`
--
ALTER TABLE `account_transactions`
  MODIFY `trans_id` int(11) NOT NULL AUTO_INCREMENT;

--
-- AUTO_INCREMENT for table `branches`
--
ALTER TABLE `branches`
  MODIFY `branch_id` int(11) NOT NULL AUTO_INCREMENT, AUTO_INCREMENT=7;

--
-- AUTO_INCREMENT for table `concession`
--
ALTER TABLE `concession`
  MODIFY `concession_id` int(11) NOT NULL AUTO_INCREMENT, AUTO_INCREMENT=11;

--
-- AUTO_INCREMENT for table `custom_sms`
--
ALTER TABLE `custom_sms`
  MODIFY `id` int(11) NOT NULL AUTO_INCREMENT, AUTO_INCREMENT=14;

--
-- AUTO_INCREMENT for table `departments`
--
ALTER TABLE `departments`
  MODIFY `department_id` int(11) NOT NULL AUTO_INCREMENT, AUTO_INCREMENT=8;

--
-- AUTO_INCREMENT for table `designation`
--
ALTER TABLE `designation`
  MODIFY `designation_id` int(11) NOT NULL AUTO_INCREMENT, AUTO_INCREMENT=15;

--
-- AUTO_INCREMENT for table `emails`
--
ALTER TABLE `emails`
  MODIFY `emial_id` int(11) NOT NULL AUTO_INCREMENT, AUTO_INCREMENT=23;

--
-- AUTO_INCREMENT for table `emp_attendance`
--
ALTER TABLE `emp_attendance`
  MODIFY `att_id` int(11) NOT NULL AUTO_INCREMENT;

--
-- AUTO_INCREMENT for table `emp_departments`
--
ALTER TABLE `emp_departments`
  MODIFY `emp_department_id` int(11) NOT NULL AUTO_INCREMENT, AUTO_INCREMENT=6;

--
-- AUTO_INCREMENT for table `emp_designation`
--
ALTER TABLE `emp_designation`
  MODIFY `emp_designation_id` int(11) NOT NULL AUTO_INCREMENT, AUTO_INCREMENT=2;

--
-- AUTO_INCREMENT for table `emp_documents`
--
ALTER TABLE `emp_documents`
  MODIFY `emp_document_id` int(11) NOT NULL AUTO_INCREMENT;

--
-- AUTO_INCREMENT for table `emp_info`
--
ALTER TABLE `emp_info`
  MODIFY `emp_id` int(11) NOT NULL AUTO_INCREMENT, AUTO_INCREMENT=2;

--
-- AUTO_INCREMENT for table `emp_leave`
--
ALTER TABLE `emp_leave`
  MODIFY `app_id` int(11) NOT NULL AUTO_INCREMENT;

--
-- AUTO_INCREMENT for table `emp_reference`
--
ALTER TABLE `emp_reference`
  MODIFY `emp_ref_id` int(11) NOT NULL AUTO_INCREMENT, AUTO_INCREMENT=2;

--
-- AUTO_INCREMENT for table `emp_type`
--
ALTER TABLE `emp_type`
  MODIFY `emp_type_id` int(11) NOT NULL AUTO_INCREMENT, AUTO_INCREMENT=7;

--
-- AUTO_INCREMENT for table `events`
--
ALTER TABLE `events`
  MODIFY `event_id` int(11) NOT NULL AUTO_INCREMENT, AUTO_INCREMENT=9;

--
-- AUTO_INCREMENT for table `exams_category`
--
ALTER TABLE `exams_category`
  MODIFY `exam_category_id` int(11) NOT NULL AUTO_INCREMENT, AUTO_INCREMENT=11;

--
-- AUTO_INCREMENT for table `exams_criteria`
--
ALTER TABLE `exams_criteria`
  MODIFY `exam_criteria_id` int(11) NOT NULL AUTO_INCREMENT, AUTO_INCREMENT=2;

--
-- AUTO_INCREMENT for table `exams_schedule`
--
ALTER TABLE `exams_schedule`
  MODIFY `exam_schedule_id` int(11) NOT NULL AUTO_INCREMENT, AUTO_INCREMENT=7;

--
-- AUTO_INCREMENT for table `fee_month_detail`
--
ALTER TABLE `fee_month_detail`
  MODIFY `month_detail_id` int(11) NOT NULL AUTO_INCREMENT;

--
-- AUTO_INCREMENT for table `fee_transaction_detail`
--
ALTER TABLE `fee_transaction_detail`
  MODIFY `fee_trans_detail_id` int(11) NOT NULL AUTO_INCREMENT;

--
-- AUTO_INCREMENT for table `fee_transaction_head`
--
ALTER TABLE `fee_transaction_head`
  MODIFY `fee_trans_id` int(11) NOT NULL AUTO_INCREMENT;

--
-- AUTO_INCREMENT for table `fee_type`
--
ALTER TABLE `fee_type`
  MODIFY `fee_type_id` int(11) NOT NULL AUTO_INCREMENT, AUTO_INCREMENT=9;

--
-- AUTO_INCREMENT for table `grades`
--
ALTER TABLE `grades`
  MODIFY `grade_id` int(11) NOT NULL AUTO_INCREMENT, AUTO_INCREMENT=8;

--
-- AUTO_INCREMENT for table `installment`
--
ALTER TABLE `installment`
  MODIFY `installment_id` int(11) NOT NULL AUTO_INCREMENT, AUTO_INCREMENT=7;

--
-- AUTO_INCREMENT for table `institute`
--
ALTER TABLE `institute`
  MODIFY `institute_id` int(11) NOT NULL AUTO_INCREMENT, AUTO_INCREMENT=3;

--
-- AUTO_INCREMENT for table `institute_name`
--
ALTER TABLE `institute_name`
  MODIFY `Institute_name_id` int(11) NOT NULL AUTO_INCREMENT;

--
-- AUTO_INCREMENT for table `marks_details`
--
ALTER TABLE `marks_details`
  MODIFY `marks_detail_id` int(11) NOT NULL AUTO_INCREMENT, AUTO_INCREMENT=10;

--
-- AUTO_INCREMENT for table `marks_head`
--
ALTER TABLE `marks_head`
  MODIFY `marks_head_id` int(11) NOT NULL AUTO_INCREMENT, AUTO_INCREMENT=4;

--
-- AUTO_INCREMENT for table `marks_weightage_details`
--
ALTER TABLE `marks_weightage_details`
  MODIFY `weightage_detail_id` int(11) NOT NULL AUTO_INCREMENT, AUTO_INCREMENT=11;

--
-- AUTO_INCREMENT for table `marks_weightage_head`
--
ALTER TABLE `marks_weightage_head`
  MODIFY `marks_weightage_id` int(11) NOT NULL AUTO_INCREMENT, AUTO_INCREMENT=3;

--
-- AUTO_INCREMENT for table `marks_weightage_type`
--
ALTER TABLE `marks_weightage_type`
  MODIFY `weightage_type_id` int(11) NOT NULL AUTO_INCREMENT, AUTO_INCREMENT=8;

--
-- AUTO_INCREMENT for table `msg_of_day`
--
ALTER TABLE `msg_of_day`
  MODIFY `msg_of_day_id` int(11) NOT NULL AUTO_INCREMENT, AUTO_INCREMENT=7;

--
-- AUTO_INCREMENT for table `notice`
--
ALTER TABLE `notice`
  MODIFY `notice_id` int(11) NOT NULL AUTO_INCREMENT;

--
-- AUTO_INCREMENT for table `sms`
--
ALTER TABLE `sms`
  MODIFY `sms_id` int(11) NOT NULL AUTO_INCREMENT, AUTO_INCREMENT=2;

--
-- AUTO_INCREMENT for table `std_academic_info`
--
ALTER TABLE `std_academic_info`
  MODIFY `academic_id` int(11) NOT NULL AUTO_INCREMENT, AUTO_INCREMENT=2;

--
-- AUTO_INCREMENT for table `std_attendance`
--
ALTER TABLE `std_attendance`
  MODIFY `std_attend_id` int(11) NOT NULL AUTO_INCREMENT;

--
-- AUTO_INCREMENT for table `std_class_name`
--
ALTER TABLE `std_class_name`
  MODIFY `class_name_id` int(11) NOT NULL AUTO_INCREMENT, AUTO_INCREMENT=17;

--
-- AUTO_INCREMENT for table `std_enrollment_detail`
--
ALTER TABLE `std_enrollment_detail`
  MODIFY `std_enroll_detail_id` int(11) NOT NULL AUTO_INCREMENT;

--
-- AUTO_INCREMENT for table `std_enrollment_head`
--
ALTER TABLE `std_enrollment_head`
  MODIFY `std_enroll_head_id` int(11) NOT NULL AUTO_INCREMENT;

--
-- AUTO_INCREMENT for table `std_fee_details`
--
ALTER TABLE `std_fee_details`
  MODIFY `fee_id` int(11) NOT NULL AUTO_INCREMENT, AUTO_INCREMENT=2;

--
-- AUTO_INCREMENT for table `std_fee_installments`
--
ALTER TABLE `std_fee_installments`
  MODIFY `fee_installment_id` int(11) NOT NULL AUTO_INCREMENT;

--
-- AUTO_INCREMENT for table `std_fee_pkg`
--
ALTER TABLE `std_fee_pkg`
  MODIFY `std_fee_id` int(11) NOT NULL AUTO_INCREMENT, AUTO_INCREMENT=9;

--
-- AUTO_INCREMENT for table `std_guardian_info`
--
ALTER TABLE `std_guardian_info`
  MODIFY `std_guardian_info_id` int(11) NOT NULL AUTO_INCREMENT, AUTO_INCREMENT=2;

--
-- AUTO_INCREMENT for table `std_ice_info`
--
ALTER TABLE `std_ice_info`
  MODIFY `std_ice_id` int(11) NOT NULL AUTO_INCREMENT, AUTO_INCREMENT=2;

--
-- AUTO_INCREMENT for table `std_inquiry`
--
ALTER TABLE `std_inquiry`
  MODIFY `std_inquiry_id` int(11) NOT NULL AUTO_INCREMENT;

--
-- AUTO_INCREMENT for table `std_personal_info`
--
ALTER TABLE `std_personal_info`
  MODIFY `std_id` int(11) NOT NULL AUTO_INCREMENT, AUTO_INCREMENT=2;

--
-- AUTO_INCREMENT for table `std_sections`
--
ALTER TABLE `std_sections`
  MODIFY `section_id` int(11) NOT NULL AUTO_INCREMENT, AUTO_INCREMENT=6;

--
-- AUTO_INCREMENT for table `std_sessions`
--
ALTER TABLE `std_sessions`
  MODIFY `session_id` int(11) NOT NULL AUTO_INCREMENT, AUTO_INCREMENT=2;

--
-- AUTO_INCREMENT for table `std_subjects`
--
ALTER TABLE `std_subjects`
  MODIFY `std_subject_id` int(11) NOT NULL AUTO_INCREMENT, AUTO_INCREMENT=16;

--
-- AUTO_INCREMENT for table `subjects`
--
ALTER TABLE `subjects`
  MODIFY `subject_id` int(11) NOT NULL AUTO_INCREMENT, AUTO_INCREMENT=15;

--
-- AUTO_INCREMENT for table `teacher_subject_assign_detail`
--
ALTER TABLE `teacher_subject_assign_detail`
  MODIFY `teacher_subject_assign_detail_id` int(11) NOT NULL AUTO_INCREMENT;

--
-- AUTO_INCREMENT for table `teacher_subject_assign_head`
--
ALTER TABLE `teacher_subject_assign_head`
  MODIFY `teacher_subject_assign_head_id` int(11) NOT NULL AUTO_INCREMENT;

--
-- AUTO_INCREMENT for table `user`
--
ALTER TABLE `user`
  MODIFY `id` int(11) NOT NULL AUTO_INCREMENT, AUTO_INCREMENT=105;

--
-- AUTO_INCREMENT for table `users`
--
ALTER TABLE `users`
  MODIFY `id` int(11) NOT NULL AUTO_INCREMENT, AUTO_INCREMENT=13;

--
-- Constraints for dumped tables
--

--
-- Constraints for table `account_register`
--
ALTER TABLE `account_register`
  ADD CONSTRAINT `account_register_ibfk_1` FOREIGN KEY (`account_nature_id`) REFERENCES `account_nature` (`account_nature_id`);

--
-- Constraints for table `account_transactions`
--
ALTER TABLE `account_transactions`
  ADD CONSTRAINT `account_transactions_ibfk_3` FOREIGN KEY (`branch_id`) REFERENCES `branches` (`branch_id`),
  ADD CONSTRAINT `account_transactions_ibfk_4` FOREIGN KEY (`account_register_id`) REFERENCES `account_register` (`account_register_id`);

--
-- Constraints for table `auth_assignment`
--
ALTER TABLE `auth_assignment`
  ADD CONSTRAINT `auth_assignment_ibfk_1` FOREIGN KEY (`item_name`) REFERENCES `auth_item` (`name`) ON DELETE CASCADE ON UPDATE CASCADE;

--
-- Constraints for table `auth_item`
--
ALTER TABLE `auth_item`
  ADD CONSTRAINT `auth_item_ibfk_1` FOREIGN KEY (`rule_name`) REFERENCES `auth_rule` (`name`) ON DELETE SET NULL ON UPDATE CASCADE;

--
-- Constraints for table `auth_item_child`
--
ALTER TABLE `auth_item_child`
  ADD CONSTRAINT `auth_item_child_ibfk_1` FOREIGN KEY (`parent`) REFERENCES `auth_item` (`name`) ON DELETE CASCADE ON UPDATE CASCADE,
  ADD CONSTRAINT `auth_item_child_ibfk_2` FOREIGN KEY (`child`) REFERENCES `auth_item` (`name`) ON DELETE CASCADE ON UPDATE CASCADE;

--
-- Constraints for table `branches`
--
ALTER TABLE `branches`
  ADD CONSTRAINT `branches_ibfk_1` FOREIGN KEY (`institute_id`) REFERENCES `institute` (`institute_id`);

--
-- Constraints for table `emp_attendance`
--
ALTER TABLE `emp_attendance`
  ADD CONSTRAINT `emp_attendance_ibfk_1` FOREIGN KEY (`emp_id`) REFERENCES `emp_info` (`emp_id`),
  ADD CONSTRAINT `emp_attendance_ibfk_2` FOREIGN KEY (`branch_id`) REFERENCES `branches` (`branch_id`);

--
-- Constraints for table `emp_departments`
--
ALTER TABLE `emp_departments`
  ADD CONSTRAINT `emp_departments_ibfk_1` FOREIGN KEY (`emp_id`) REFERENCES `emp_info` (`emp_id`),
  ADD CONSTRAINT `emp_departments_ibfk_2` FOREIGN KEY (`dept_id`) REFERENCES `departments` (`department_id`);

--
-- Constraints for table `emp_designation`
--
ALTER TABLE `emp_designation`
  ADD CONSTRAINT `emp_designation_ibfk_1` FOREIGN KEY (`emp_id`) REFERENCES `emp_info` (`emp_id`),
  ADD CONSTRAINT `emp_designation_ibfk_2` FOREIGN KEY (`designation_id`) REFERENCES `designation` (`designation_id`),
  ADD CONSTRAINT `emp_designation_ibfk_3` FOREIGN KEY (`emp_type_id`) REFERENCES `emp_type` (`emp_type_id`);

--
-- Constraints for table `emp_documents`
--
ALTER TABLE `emp_documents`
  ADD CONSTRAINT `emp_documents_ibfk_1` FOREIGN KEY (`emp_info_id`) REFERENCES `emp_info` (`emp_id`);

--
-- Constraints for table `emp_info`
--
ALTER TABLE `emp_info`
  ADD CONSTRAINT `emp_info_ibfk_2` FOREIGN KEY (`emp_branch_id`) REFERENCES `branches` (`branch_id`),
  ADD CONSTRAINT `emp_info_ibfk_3` FOREIGN KEY (`emp_dept_id`) REFERENCES `departments` (`department_id`);

--
-- Constraints for table `emp_leave`
--
ALTER TABLE `emp_leave`
  ADD CONSTRAINT `emp_leave_ibfk_1` FOREIGN KEY (`emp_id`) REFERENCES `emp_info` (`emp_id`),
  ADD CONSTRAINT `emp_leave_ibfk_2` FOREIGN KEY (`branch_id`) REFERENCES `branches` (`branch_id`);

--
-- Constraints for table `emp_reference`
--
ALTER TABLE `emp_reference`
  ADD CONSTRAINT `emp_reference_ibfk_1` FOREIGN KEY (`emp_id`) REFERENCES `emp_info` (`emp_id`);

--
-- Constraints for table `exams_criteria`
--
ALTER TABLE `exams_criteria`
  ADD CONSTRAINT `exams_criteria_ibfk_1` FOREIGN KEY (`exam_category_id`) REFERENCES `exams_category` (`exam_category_id`),
  ADD CONSTRAINT `exams_criteria_ibfk_2` FOREIGN KEY (`class_id`) REFERENCES `std_class_name` (`class_name_id`);

--
-- Constraints for table `exams_schedule`
--
ALTER TABLE `exams_schedule`
  ADD CONSTRAINT `exams_schedule_ibfk_1` FOREIGN KEY (`exam_criteria_id`) REFERENCES `exams_criteria` (`exam_criteria_id`),
  ADD CONSTRAINT `exams_schedule_ibfk_2` FOREIGN KEY (`subject_id`) REFERENCES `subjects` (`subject_id`),
  ADD CONSTRAINT `exams_schedule_ibfk_3` FOREIGN KEY (`emp_id`) REFERENCES `emp_info` (`emp_id`);

--
-- Constraints for table `fee_transaction_detail`
--
ALTER TABLE `fee_transaction_detail`
  ADD CONSTRAINT `fee_transaction_detail_ibfk_2` FOREIGN KEY (`fee_type_id`) REFERENCES `fee_type` (`fee_type_id`),
  ADD CONSTRAINT `fee_transaction_detail_ibfk_3` FOREIGN KEY (`fee_trans_detail_head_id`) REFERENCES `fee_month_detail` (`month_detail_id`);

--
-- Constraints for table `fee_transaction_head`
--
ALTER TABLE `fee_transaction_head`
  ADD CONSTRAINT `fee_transaction_head_ibfk_10` FOREIGN KEY (`branch_id`) REFERENCES `branches` (`branch_id`),
  ADD CONSTRAINT `fee_transaction_head_ibfk_11` FOREIGN KEY (`class_name_id`) REFERENCES `std_class_name` (`class_name_id`),
  ADD CONSTRAINT `fee_transaction_head_ibfk_6` FOREIGN KEY (`session_id`) REFERENCES `std_sessions` (`session_id`),
  ADD CONSTRAINT `fee_transaction_head_ibfk_8` FOREIGN KEY (`std_id`) REFERENCES `std_personal_info` (`std_id`),
  ADD CONSTRAINT `fee_transaction_head_ibfk_9` FOREIGN KEY (`section_id`) REFERENCES `std_sections` (`section_id`);

--
-- Constraints for table `marks_details`
--
ALTER TABLE `marks_details`
  ADD CONSTRAINT `marks_details_ibfk_1` FOREIGN KEY (`marks_head_id`) REFERENCES `marks_head` (`marks_head_id`),
  ADD CONSTRAINT `marks_details_ibfk_2` FOREIGN KEY (`subject_id`) REFERENCES `subjects` (`subject_id`);

--
-- Constraints for table `marks_head`
--
ALTER TABLE `marks_head`
  ADD CONSTRAINT `marks_head_ibfk_1` FOREIGN KEY (`exam_criteria_id`) REFERENCES `exams_criteria` (`exam_criteria_id`),
  ADD CONSTRAINT `marks_head_ibfk_2` FOREIGN KEY (`std_id`) REFERENCES `std_personal_info` (`std_id`);

--
-- Constraints for table `marks_weightage_details`
--
ALTER TABLE `marks_weightage_details`
  ADD CONSTRAINT `marks_weightage_details_ibfk_1` FOREIGN KEY (`weightage_head_id`) REFERENCES `marks_weightage_head` (`marks_weightage_id`),
  ADD CONSTRAINT `marks_weightage_details_ibfk_2` FOREIGN KEY (`weightage_type_id`) REFERENCES `marks_weightage_type` (`weightage_type_id`);

--
-- Constraints for table `marks_weightage_head`
--
ALTER TABLE `marks_weightage_head`
  ADD CONSTRAINT `marks_weightage_head_ibfk_1` FOREIGN KEY (`exam_category_id`) REFERENCES `exams_category` (`exam_category_id`),
  ADD CONSTRAINT `marks_weightage_head_ibfk_2` FOREIGN KEY (`class_id`) REFERENCES `std_class_name` (`class_name_id`),
  ADD CONSTRAINT `marks_weightage_head_ibfk_3` FOREIGN KEY (`subjects_id`) REFERENCES `subjects` (`subject_id`);

--
-- Constraints for table `std_academic_info`
--
ALTER TABLE `std_academic_info`
  ADD CONSTRAINT `std_academic_info_ibfk_1` FOREIGN KEY (`std_id`) REFERENCES `std_personal_info` (`std_id`),
  ADD CONSTRAINT `std_academic_info_ibfk_3` FOREIGN KEY (`subject_combination`) REFERENCES `std_subjects` (`std_subject_id`),
  ADD CONSTRAINT `std_academic_info_ibfk_4` FOREIGN KEY (`class_name_id`) REFERENCES `std_class_name` (`class_name_id`);

--
-- Constraints for table `std_attendance`
--
ALTER TABLE `std_attendance`
  ADD CONSTRAINT `std_attendance_ibfk_1` FOREIGN KEY (`branch_id`) REFERENCES `branches` (`branch_id`),
  ADD CONSTRAINT `std_attendance_ibfk_2` FOREIGN KEY (`class_name_id`) REFERENCES `std_class_name` (`class_name_id`),
  ADD CONSTRAINT `std_attendance_ibfk_3` FOREIGN KEY (`session_id`) REFERENCES `std_sessions` (`session_id`),
  ADD CONSTRAINT `std_attendance_ibfk_4` FOREIGN KEY (`section_id`) REFERENCES `std_sections` (`section_id`),
  ADD CONSTRAINT `std_attendance_ibfk_5` FOREIGN KEY (`teacher_id`) REFERENCES `emp_info` (`emp_id`),
  ADD CONSTRAINT `std_attendance_ibfk_6` FOREIGN KEY (`student_id`) REFERENCES `std_personal_info` (`std_id`),
  ADD CONSTRAINT `std_attendance_ibfk_7` FOREIGN KEY (`subject_id`) REFERENCES `subjects` (`subject_id`);

--
-- Constraints for table `std_class_name`
--
ALTER TABLE `std_class_name`
  ADD CONSTRAINT `std_class_name_ibfk_1` FOREIGN KEY (`branch_id`) REFERENCES `branches` (`branch_id`);

--
-- Constraints for table `std_enrollment_detail`
--
ALTER TABLE `std_enrollment_detail`
  ADD CONSTRAINT `std_enrollment_detail_ibfk_1` FOREIGN KEY (`std_enroll_detail_head_id`) REFERENCES `std_enrollment_head` (`std_enroll_head_id`),
  ADD CONSTRAINT `std_enrollment_detail_ibfk_2` FOREIGN KEY (`std_enroll_detail_std_id`) REFERENCES `std_personal_info` (`std_id`);

--
-- Constraints for table `std_enrollment_head`
--
ALTER TABLE `std_enrollment_head`
  ADD CONSTRAINT `std_enrollment_head_ibfk_1` FOREIGN KEY (`branch_id`) REFERENCES `branches` (`branch_id`),
  ADD CONSTRAINT `std_enrollment_head_ibfk_2` FOREIGN KEY (`session_id`) REFERENCES `std_sessions` (`session_id`),
  ADD CONSTRAINT `std_enrollment_head_ibfk_3` FOREIGN KEY (`section_id`) REFERENCES `std_sections` (`section_id`),
  ADD CONSTRAINT `std_enrollment_head_ibfk_4` FOREIGN KEY (`class_name_id`) REFERENCES `std_class_name` (`class_name_id`);

--
-- Constraints for table `std_fee_details`
--
ALTER TABLE `std_fee_details`
  ADD CONSTRAINT `std_fee_details_ibfk_1` FOREIGN KEY (`std_id`) REFERENCES `std_personal_info` (`std_id`);

--
-- Constraints for table `std_fee_installments`
--
ALTER TABLE `std_fee_installments`
  ADD CONSTRAINT `std_fee_installments_ibfk_1` FOREIGN KEY (`std_fee_id`) REFERENCES `std_fee_details` (`fee_id`),
  ADD CONSTRAINT `std_fee_installments_ibfk_2` FOREIGN KEY (`installment_no`) REFERENCES `installment` (`installment_id`);

--
-- Constraints for table `std_fee_pkg`
--
ALTER TABLE `std_fee_pkg`
  ADD CONSTRAINT `std_fee_pkg_ibfk_1` FOREIGN KEY (`class_id`) REFERENCES `std_class_name` (`class_name_id`),
  ADD CONSTRAINT `std_fee_pkg_ibfk_2` FOREIGN KEY (`session_id`) REFERENCES `std_sessions` (`session_id`);

--
-- Constraints for table `std_guardian_info`
--
ALTER TABLE `std_guardian_info`
  ADD CONSTRAINT `std_guardian_info_ibfk_1` FOREIGN KEY (`std_id`) REFERENCES `std_personal_info` (`std_id`);

--
-- Constraints for table `std_ice_info`
--
ALTER TABLE `std_ice_info`
  ADD CONSTRAINT `std_ice_info_ibfk_1` FOREIGN KEY (`std_id`) REFERENCES `std_personal_info` (`std_id`);

--
-- Constraints for table `std_inquiry`
--
ALTER TABLE `std_inquiry`
  ADD CONSTRAINT `std_inquiry_ibfk_1` FOREIGN KEY (`branch_id`) REFERENCES `branches` (`branch_id`);

--
-- Constraints for table `std_personal_info`
--
ALTER TABLE `std_personal_info`
  ADD CONSTRAINT `std_personal_info_ibfk_1` FOREIGN KEY (`branch_id`) REFERENCES `branches` (`branch_id`);

--
-- Constraints for table `std_sections`
--
ALTER TABLE `std_sections`
  ADD CONSTRAINT `std_sections_ibfk_1` FOREIGN KEY (`branch_id`) REFERENCES `branches` (`branch_id`),
  ADD CONSTRAINT `std_sections_ibfk_2` FOREIGN KEY (`session_id`) REFERENCES `std_sessions` (`session_id`),
  ADD CONSTRAINT `std_sections_ibfk_3` FOREIGN KEY (`class_id`) REFERENCES `std_class_name` (`class_name_id`);

--
-- Constraints for table `std_sessions`
--
ALTER TABLE `std_sessions`
  ADD CONSTRAINT `std_sessions_ibfk_1` FOREIGN KEY (`session_branch_id`) REFERENCES `branches` (`branch_id`);

--
-- Constraints for table `std_subjects`
--
ALTER TABLE `std_subjects`
  ADD CONSTRAINT `std_subjects_ibfk_1` FOREIGN KEY (`class_id`) REFERENCES `std_class_name` (`class_name_id`);

--
-- Constraints for table `teacher_subject_assign_detail`
--
ALTER TABLE `teacher_subject_assign_detail`
  ADD CONSTRAINT `teacher_subject_assign_detail_ibfk_1` FOREIGN KEY (`teacher_subject_assign_detail_head_id`) REFERENCES `teacher_subject_assign_head` (`teacher_subject_assign_head_id`),
  ADD CONSTRAINT `teacher_subject_assign_detail_ibfk_2` FOREIGN KEY (`class_id`) REFERENCES `std_enrollment_head` (`std_enroll_head_id`),
  ADD CONSTRAINT `teacher_subject_assign_detail_ibfk_3` FOREIGN KEY (`subject_id`) REFERENCES `subjects` (`subject_id`);

--
-- Constraints for table `teacher_subject_assign_head`
--
ALTER TABLE `teacher_subject_assign_head`
  ADD CONSTRAINT `teacher_subject_assign_head_ibfk_1` FOREIGN KEY (`teacher_id`) REFERENCES `emp_info` (`emp_id`);

--
-- Constraints for table `user`
--
ALTER TABLE `user`
  ADD CONSTRAINT `user_ibfk_1` FOREIGN KEY (`branch_id`) REFERENCES `branches` (`branch_id`);
COMMIT;

/*!40101 SET CHARACTER_SET_CLIENT=@OLD_CHARACTER_SET_CLIENT */;
/*!40101 SET CHARACTER_SET_RESULTS=@OLD_CHARACTER_SET_RESULTS */;
/*!40101 SET COLLATION_CONNECTION=@OLD_COLLATION_CONNECTION */;
